player,tm,fantpos,age,games_g,games_gs,passing_cmp,passing_att,passing_yds,passing_td,passing_int,rushing_att,rushing_yds,rushing_y/a,rushing_td,receiving_tgt,receiving_rec,receiving_yds,receiving_y/r,receiving_td,fumbles_fmb,fumbles_fl,scoring_td,scoring_2pm,scoring_2pp,fantasy_fantpt,fantasy_ppr,age_adj,passing_cmp_adj,passing_att_adj,passing_yds_adj,passing_td_adj,passing_int_adj,rushing_att_adj,rushing_yds_adj,rushing_y/a_adj,rushing_td_adj,receiving_tgt_adj,receiving_rec_adj,receiving_yds_adj,receiving_y/r_adj,receiving_td_adj,fumbles_fmb_adj,fumbles_fl_adj,scoring_td_adj,scoring_2pm_adj,scoring_2pp_adj,fantasy_fantpt_adj,fantasy_ppr_adj,year
Christian McCaffrey,CAR,RB,23,16,16,0,2,0,0,0,287,1387,4.83,15,142,116,1005,8.66,4,1.0,0,19,1.0,0.0,355.0,471.2,23.707857347301548,0.0,2.0615528128088303,0.0,0.0,0.0,295.83282863806716,1429.6868756829238,4.978650042933325,15.461646096066227,146.37024970942696,119.57006314291216,1035.9302884364372,8.926523679462235,4.123105625617661,1.0307764064044151,0.0,19.584751721683887,1.0307764064044151,0.0,365.9256242735674,485.7018426977604,2019
Lamar Jackson,BAL,QB,22,15,15,265,401,3127,36,6,176,1206,6.85,7,0,0,0,0.0,0,9.0,2,7,0.0,0.0,416.0,415.7,23.42078848658459,282.11404313385987,426.89709923274637,3328.945708979546,38.32492661441115,6.387487769068525,187.36630789267673,1283.8850415827735,7.292381869686565,7.452069063913279,0.0,0.0,0.0,0.0,0.0,9.581231653602787,2.1291625896895083,7.452069063913279,0.0,0.0,442.8658186554177,442.5464442669643,2019
Derrick Henry ,TEN,RB,25,15,15,0,0,0,0,0,303,1540,5.08,16,24,18,206,11.44,2,5.0,3,18,0.0,0.0,277.0,294.6,26.61453237111885,0.0,0.0,0.0,0.0,0.0,322.5681323379605,1639.4551940609213,5.408072977811351,17.033300717516067,25.5499510762741,19.162463307205574,219.30374673801936,12.178810013023986,2.1291625896895083,5.32290647422377,3.1937438845342623,19.162463307205574,0.0,0.0,294.8890186719969,313.6256494612646,2019
Aaron Jones,GNB,RB,25,16,16,0,0,0,0,0,236,1084,4.59,16,68,49,474,9.67,3,3.0,2,19,0.0,0.0,266.0,314.8,25.76941016011038,0.0,0.0,0.0,0.0,0.0,243.26323191144198,1117.361624542386,4.731263705396265,16.492422502470642,70.09279563550022,50.508043913816344,488.5880166356928,9.967607849930694,3.0923292192132457,3.0923292192132457,2.0615528128088303,19.584751721683887,0.0,0.0,274.1865241035744,324.4884127361099,2019
Ezekiel Elliott,DAL,RB,24,16,16,0,0,0,0,0,301,1357,4.51,12,71,54,420,7.78,2,3.0,2,14,0.0,0.0,258.0,311.7,24.738633753705965,0.0,0.0,0.0,0.0,0.0,310.26369832772895,1398.7635834907915,4.648801592883912,12.369316876852983,73.18512485471348,55.66192594583842,432.9260906898544,8.019440441826351,2.0615528128088303,3.0923292192132457,2.0615528128088303,14.430869689661812,0.0,0.0,265.9403128523391,321.2930058762562,2019
Dalvin Cook,MIN,RB,24,14,14,0,0,0,0,0,250,1135,4.54,13,63,53,519,9.79,0,4.0,2,13,0.0,0.0,239.0,292.4,26.44671192092831,0.0,0.0,0.0,0.0,0.0,275.48658250966986,1250.7090845939013,5.002836338375605,14.325302290502833,69.42261879243681,58.40315549205002,571.9101452900746,10.788054571078671,0.0,4.407785320154718,2.203892660077359,14.325302290502833,0.0,0.0,263.3651728792444,322.2091069033099,2019
Michael Thomas,NOR,WR,26,16,15,0,0,0,0,0,1,-9,-9.0,0,185,149,1725,11.58,9,1.0,0,9,0.0,0.0,226.0,374.6,26.800186566514792,0.0,0.0,0.0,0.0,0.0,1.0307764064044151,-9.276987657639737,-9.276987657639737,0.0,190.6936351848168,153.58568455425785,1778.0893010476161,11.936390786163127,9.276987657639737,1.0307764064044151,0.0,9.276987657639737,0.0,0.0,232.9554678473978,386.1288418390939,2019
Travis Kelce,KAN,TE,30,16,16,0,0,0,0,0,1,4,4.0,1,136,97,1229,12.67,5,1.0,1,6,0.0,0.0,157.0,254.3,30.923292192132454,0.0,0.0,0.0,0.0,0.0,1.0307764064044151,4.123105625617661,4.123105625617661,1.0307764064044151,140.18559127100045,99.98531142122827,1266.8242034710263,13.05993706914394,5.153882032022076,1.0307764064044151,1.0307764064044151,6.184658438426491,0.0,0.0,161.8318958054932,262.1264401486428,2019
Nick Chubb,CLE,RB,24,16,16,0,0,0,0,0,298,1494,5.01,8,49,36,278,7.72,0,3.0,3,8,0.0,0.0,219.0,255.2,24.738633753705965,0.0,0.0,0.0,0.0,0.0,307.1713691085157,1539.9799511681963,5.16418979608612,8.246211251235321,50.508043913816344,37.107950630558946,286.55584098042743,7.957593857442085,0.0,3.0923292192132457,3.0923292192132457,8.246211251235321,0.0,0.0,225.74003300256692,263.05413891440674,2019
Austin Ekeler,LAC,RB,24,16,8,0,0,0,0,0,132,557,4.22,3,108,92,993,10.79,8,3.0,2,11,0.0,0.0,217.0,309.0,24.738633753705965,0.0,0.0,0.0,0.0,0.0,136.0624856453828,574.1424583672592,4.349876435026632,3.0923292192132457,111.32385189167684,94.83142938920619,1023.5609715595842,11.122077425103639,8.246211251235321,3.0923292192132457,2.0615528128088303,11.338540470448567,0.0,0.0,223.6784801897581,318.5099095789643,2019
Mark Ingram,BAL,RB,30,15,15,0,0,0,0,0,202,1018,5.04,10,29,26,247,9.5,5,2.0,2,15,2.0,0.0,217.0,242.5,31.937438845342623,0.0,0.0,0.0,0.0,0.0,215.04542155864033,1083.7437581519596,5.365489726017561,10.64581294844754,30.87285755049787,27.679113665963605,262.95157982665427,10.113522301025164,5.32290647422377,2.1291625896895083,2.1291625896895083,15.968719422671311,2.1291625896895083,0.0,231.01414098131164,258.16096399985287,2019
Dak Prescott,DAL,QB,26,16,16,388,596,4902,30,11,52,277,5.33,3,0,0,0,0.0,0,6.0,2,3,0.0,1.0,338.0,337.8,26.800186566514792,399.9412456849131,614.3427382170314,5052.865944194443,30.923292192132454,11.338540470448567,53.600373133029585,285.525064574023,5.494038246135533,3.0923292192132457,0.0,0.0,0.0,0.0,0.0,6.184658438426491,2.0615528128088303,3.0923292192132457,0.0,1.0307764064044151,348.4024253646923,348.19627008341143,2019
Mark Andrews,BAL,TE,24,15,4,0,0,0,0,0,0,0,0.0,0,98,64,852,13.31,10,2.0,1,10,0.0,0.0,143.0,207.2,25.5499510762741,0.0,0.0,0.0,0.0,0.0,0.0,0.0,0.0,0.0,104.3289668947859,68.13320287006427,907.0232632077305,14.169577034383678,10.64581294844754,2.1291625896895083,1.0645812948447542,10.64581294844754,0.0,0.0,152.23512516279985,220.58124429183303,2019
Russell Wilson,SEA,QB,31,16,16,341,516,4110,31,5,75,342,4.56,3,0,0,0,0.0,0,8.0,2,3,0.0,1.0,329.0,328.6,31.95406859853687,351.49475458390555,531.8806257046782,4236.491030322146,31.95406859853687,5.153882032022076,77.30823048033113,352.52553099030996,4.700340413204133,3.0923292192132457,0.0,0.0,0.0,0.0,0.0,8.246211251235321,2.0615528128088303,3.0923292192132457,0.0,1.0307764064044151,339.1254377070526,338.71312714449084,2019
Chris Godwin,TAM,WR,23,14,14,0,0,0,0,0,1,8,8.0,0,121,86,1333,15.5,9,0.0,0,9,1.0,0.0,190.0,276.1,25.34476559088963,0.0,0.0,0.0,0.0,0.0,1.1019463300386796,8.815570640309437,8.815570640309437,0.0,133.3355059346802,94.76738438332644,1468.8944579415597,17.080168115599534,9.917516970348116,0.0,0.0,9.917516970348116,1.1019463300386796,0.0,209.36980270734912,304.24738172367944,2019
George Kittle,SFO,TE,26,14,14,0,0,0,0,0,5,22,4.4,0,107,85,1053,12.39,5,1.0,0,5,0.0,0.0,138.0,222.5,28.650604581005666,0.0,0.0,0.0,0.0,0.0,5.509731650193397,24.24281926085095,4.84856385217019,0.0,117.90825731413871,93.66543805328776,1160.3494855307295,13.65311502917924,5.509731650193397,1.1019463300386796,0.0,5.509731650193397,0.0,0.0,152.06859354533776,245.1830584336062,2019
Deshaun Watson,HOU,QB,24,15,15,333,495,3852,26,12,82,413,5.04,7,1,1,6,6.0,1,10.0,3,8,0.0,1.0,320.0,321.0,25.5499510762741,354.5055711833031,526.9677409481533,4100.767147741993,27.679113665963605,12.77497553813705,87.29566617726984,439.67207477088346,5.365489726017561,7.452069063913279,1.0645812948447542,1.0645812948447542,6.387487769068525,6.387487769068525,1.0645812948447542,10.64581294844754,3.1937438845342623,8.516650358758033,0.0,1.0645812948447542,340.6660143503213,341.7305956451661,2019
Chris Carson,SEA,RB,25,15,15,0,0,0,0,0,278,1230,4.42,7,47,37,266,7.19,2,7.0,4,9,0.0,0.0,196.0,232.6,26.61453237111885,0.0,0.0,0.0,0.0,0.0,295.95359996684164,1309.4349926590476,4.705449323213813,7.452069063913279,50.03532085770345,39.389507909255904,283.1786244287046,7.6543395099337825,2.1291625896895083,7.452069063913279,4.258325179379017,9.581231653602787,0.0,0.0,208.6579337895718,247.6216091808898,2019
Darren Waller,OAK,TE,27,16,16,0,0,0,0,0,2,5,2.5,0,117,90,1145,12.72,3,1.0,1,3,0.0,0.0,131.0,221.0,27.83096297291921,0.0,0.0,0.0,0.0,0.0,2.0615528128088303,5.153882032022076,2.576941016011038,0.0,120.60083954931658,92.76987657639737,1180.2389853330553,13.111475889464161,3.0923292192132457,1.0307764064044151,1.0307764064044151,3.0923292192132457,0.0,0.0,135.03170923897838,227.80158581537574,2019
Kenny Golladay,DET,WR,26,16,16,0,0,0,0,0,0,0,0.0,0,116,65,1190,18.31,11,1.0,1,11,0.0,0.0,183.0,248.0,26.800186566514792,0.0,0.0,0.0,0.0,0.0,0.0,0.0,0.0,0.0,119.57006314291216,67.00046641628698,1226.623923621254,18.87351600126484,11.338540470448567,1.0307764064044151,1.0307764064044151,11.338540470448567,0.0,0.0,188.63208237200797,255.63254878829497,2019
Saquon Barkley,NYG,RB,22,13,13,0,0,0,0,0,217,1003,4.62,6,73,52,438,8.42,2,1.0,0,8,0.0,0.0,192.0,244.1,25.157962495462087,0.0,0.0,0.0,0.0,0.0,248.1489937052397,1146.9743810431125,5.283172124047039,6.861262498762388,83.47869373494238,59.464274989274024,500.87216240965427,9.628638373263216,2.2870874995874626,1.1435437497937313,0.0,9.14834999834985,0.0,0.0,219.5603999603964,279.1390293246498,2019
Zach Ertz,PHI,TE,29,15,15,0,0,0,0,0,0,0,0.0,0,135,88,916,10.41,6,1.0,1,6,1.0,0.0,128.0,215.6,30.87285755049787,0.0,0.0,0.0,0.0,0.0,0.0,0.0,0.0,0.0,143.71847480404182,93.68315394633836,975.1564660777948,11.08229127933389,6.387487769068525,1.0645812948447542,1.0645812948447542,6.387487769068525,1.0645812948447542,0.0,136.26640574012853,229.52372716852898,2019
Joe Mixon,CIN,RB,23,16,15,0,0,0,0,0,278,1137,4.09,5,45,35,287,8.2,3,0.0,0,8,0.0,0.0,190.0,225.4,23.707857347301548,0.0,0.0,0.0,0.0,0.0,286.55584098042743,1171.99277408182,4.2158755021940575,5.153882032022076,46.38493828819868,36.07717422415453,295.83282863806716,8.452366532516203,3.0923292192132457,0.0,0.0,8.246211251235321,0.0,0.0,195.84751721683887,232.33700200355517,2019
Todd Gurley,LAR,RB,25,15,15,0,0,0,0,0,223,857,3.84,12,49,31,207,6.68,2,3.0,2,14,1.0,0.0,188.0,219.4,26.61453237111885,0.0,0.0,0.0,0.0,0.0,237.40162875038015,912.3461696819543,4.0879921722038555,12.77497553813705,52.16448344739295,33.002020140187376,220.3683280328641,7.111403049562957,2.1291625896895083,3.1937438845342623,2.1291625896895083,14.904138127826558,1.0645812948447542,0.0,200.1412834308138,233.56913608893905,2019
Jared Cook,NOR,TE,32,14,7,0,0,0,0,0,0,0,0.0,0,65,43,705,16.4,9,0.0,0,9,0.0,0.0,125.0,167.5,35.26228256123775,0.0,0.0,0.0,0.0,0.0,0.0,0.0,0.0,0.0,71.62651145251417,47.38369219166322,776.8721626772691,18.07191981263434,9.917516970348116,0.0,0.0,9.917516970348116,0.0,0.0,137.74329125483493,184.57601028147883,2019
Cooper Kupp,LAR,WR,26,16,14,0,1,0,0,0,2,4,2.0,0,134,94,1161,12.35,10,3.0,0,10,0.0,0.0,177.0,270.5,26.800186566514792,0.0,1.0307764064044151,0.0,0.0,0.0,2.0615528128088303,4.123105625617661,2.0615528128088303,0.0,138.12403845819162,96.89298220201502,1196.731407835526,12.730088619094527,10.307764064044152,3.0923292192132457,0.0,10.307764064044152,0.0,0.0,182.4474239335815,278.8250179323943,2019
Julio Jones,ATL,WR,30,15,15,0,0,0,0,0,2,-3,-1.5,0,157,99,1394,14.08,6,1.0,0,6,0.0,0.0,175.0,274.1,31.937438845342623,0.0,0.0,0.0,0.0,0.0,2.1291625896895083,-3.1937438845342623,-1.5968719422671311,0.0,167.1392632906264,105.39354818963065,1484.0263250135872,14.989304631414138,6.387487769068525,1.0645812948447542,0.0,6.387487769068525,0.0,0.0,186.30172659783196,291.8017329169471,2019
DeVante Parker,MIA,WR,26,16,14,0,0,0,0,0,0,0,0.0,0,128,72,1202,16.69,9,0.0,0,9,0.0,0.0,174.0,246.2,26.800186566514792,0.0,0.0,0.0,0.0,0.0,0.0,0.0,0.0,0.0,131.93938001976514,74.21590126111789,1238.993240498107,17.20365822288969,9.276987657639737,0.0,0.0,9.276987657639737,0.0,0.0,179.35509471436825,253.777151256767,2019
Leonard Fournette,JAX,RB,24,15,15,0,0,0,0,0,265,1152,4.35,3,100,76,522,6.87,0,1.0,1,3,0.0,0.0,183.0,259.4,25.5499510762741,0.0,0.0,0.0,0.0,0.0,282.11404313385987,1226.3976516611567,4.63092863257468,3.1937438845342623,106.4581294844754,80.90817840820131,555.7114359089617,7.313673495583461,0.0,1.0645812948447542,1.0645812948447542,3.1937438845342623,0.0,0.0,194.81837695659001,276.1523878827292,2019
Jameis Winston,TAM,QB,25,16,16,380,626,5109,33,30,59,250,4.24,1,0,0,0,0.0,0,12.0,5,1,2.0,2.0,305.0,305.4,25.76941016011038,391.69503443367773,645.2660304091639,5266.236660320157,34.0156214113457,30.923292192132454,60.815807977860494,257.6941016011038,4.370491963154721,1.0307764064044151,0.0,0.0,0.0,0.0,0.0,12.369316876852983,5.153882032022076,1.0307764064044151,2.0615528128088303,2.0615528128088303,314.3868039533466,314.79911451590834,2019
Austin Hooper,ATL,TE,25,13,10,0,0,0,0,0,0,0,0.0,0,97,75,787,10.49,6,0.0,0,6,1.0,0.0,117.0,191.7,28.58859374484328,0.0,0.0,0.0,0.0,0.0,0.0,0.0,0.0,0.0,110.92374372999193,85.76578123452984,899.9689310876665,11.99577393533624,6.861262498762388,0.0,0.0,6.861262498762388,1.1435437497937313,0.0,133.79461872586657,219.21733683545827,2019
Amari Cooper,DAL,WR,25,16,16,0,0,0,0,0,1,6,6.0,0,119,79,1189,15.05,8,0.0,0,8,0.0,0.0,168.0,246.5,25.76941016011038,0.0,0.0,0.0,0.0,0.0,1.0307764064044151,6.184658438426491,6.184658438426491,0.0,122.6623923621254,81.4313361059488,1225.5931472148495,15.513184916386448,8.246211251235321,0.0,0.0,8.246211251235321,0.0,0.0,173.17043627594174,254.08638417868835,2019
Mike Evans,TAM,WR,26,13,13,0,0,0,0,0,0,0,0.0,0,118,67,1157,17.27,8,0.0,0,8,1.0,0.0,166.0,232.7,29.732137494637012,0.0,0.0,0.0,0.0,0.0,0.0,0.0,0.0,0.0,134.93816247566028,76.61743123618,1323.080118511347,19.749000558937738,9.14834999834985,0.0,0.0,9.14834999834985,1.1435437497937313,0.0,189.8282624657594,266.10263057700126,2019
A.J. Brown,TEN,WR,22,16,11,0,0,0,0,0,3,60,20.0,1,84,52,1051,20.21,8,1.0,0,9,0.0,0.0,165.0,217.1,22.677080940897135,0.0,0.0,0.0,0.0,0.0,3.0923292192132457,61.84658438426491,20.615528128088304,1.0307764064044151,86.58521813797087,53.600373133029585,1083.3460031310403,20.83199117343323,8.246211251235321,1.0307764064044151,0.0,9.276987657639737,0.0,0.0,170.0781070567285,223.78155783039853,2019
DeAndre Hopkins,HOU,WR,27,15,15,1,2,6,1,1,2,18,9.0,0,150,104,1165,11.2,7,0.0,0,7,1.0,0.0,165.0,268.5,28.743694960808362,1.0645812948447542,2.1291625896895083,6.387487769068525,1.0645812948447542,1.0645812948447542,2.1291625896895083,19.162463307205574,9.581231653602787,0.0,159.6871942267131,110.71645466385442,1240.2372084941385,11.923310502261245,7.452069063913279,0.0,0.0,7.452069063913279,1.0645812948447542,0.0,175.65591364938442,285.84007766581647,2019
Josh Jacobs,OAK,RB,21,13,13,0,0,0,0,0,242,1150,4.75,7,27,20,166,8.3,0,1.0,1,7,0.0,0.0,172.0,191.6,24.014418745668355,0.0,0.0,0.0,0.0,0.0,276.73758745008297,1315.075312262791,5.4318328115202235,8.004806248556118,30.875681244430744,22.870874995874626,189.8282624657594,9.49141312328797,0.0,1.1435437497937313,1.1435437497937313,8.004806248556118,0.0,0.0,196.68952496452178,219.1029824604789,2019
Keenan Allen,LAC,WR,27,16,16,0,0,0,0,0,3,16,5.33,0,149,104,1199,11.53,6,0.0,0,6,0.0,0.0,158.0,261.5,27.83096297291921,0.0,0.0,0.0,0.0,0.0,3.0923292192132457,16.492422502470642,5.494038246135533,0.0,153.58568455425785,107.20074626605917,1235.9009112788938,11.884851965842905,6.184658438426491,0.0,0.0,6.184658438426491,0.0,0.0,162.8626722118976,269.5480302747546,2019
Miles Sanders,PHI,RB,22,16,11,0,0,0,0,0,179,818,4.57,3,63,50,509,10.18,3,2.0,1,6,1.0,0.0,169.0,218.7,22.677080940897135,0.0,0.0,0.0,0.0,0.0,184.50897674639032,843.1751004388116,4.710648177268178,3.0923292192132457,64.93891360347816,51.53882032022076,524.6651908598474,10.493303817196946,3.0923292192132457,2.0615528128088303,1.0307764064044151,6.184658438426491,1.0307764064044151,0.0,174.20121268234615,225.43080008064558,2019
Allen Robinson,CHI,WR,26,16,15,0,0,0,0,0,1,2,2.0,0,154,98,1147,11.7,7,0.0,0,7,0.0,0.0,157.0,254.9,26.800186566514792,0.0,0.0,0.0,0.0,0.0,1.0307764064044151,2.0615528128088303,2.0615528128088303,0.0,158.73956658627992,101.01608782763269,1182.3005381458643,12.060083954931656,7.215434844830906,0.0,0.0,7.215434844830906,0.0,0.0,161.8318958054932,262.7449059924854,2019
Julian Edelman,NWE,WR,33,16,13,2,2,47,1,0,8,27,3.38,0,153,100,1117,11.17,6,3.0,1,6,1.0,0.0,156.0,256.3,34.0156214113457,2.0615528128088303,2.0615528128088303,48.44649110100751,1.0307764064044151,0.0,8.246211251235321,27.83096297291921,3.4840242536469233,0.0,157.7087901798755,103.07764064044152,1151.3772459537317,11.513772459537318,6.184658438426491,3.0923292192132457,1.0307764064044151,6.184658438426491,1.0307764064044151,0.0,160.80111939908878,264.18799296145164,2019
Alvin Kamara,NOR,RB,24,14,9,1,1,13,0,0,171,797,4.66,5,97,81,533,6.58,1,4.0,1,6,0.0,0.0,168.0,248.5,26.44671192092831,1.1019463300386796,1.1019463300386796,14.325302290502833,0.0,0.0,188.4328224366142,878.2512250408275,5.135069897980247,5.509731650193397,106.88879401375192,89.25765273313304,587.3373939106162,7.250806851654511,1.1019463300386796,4.407785320154718,1.1019463300386796,6.611677980232077,0.0,0.0,185.12698344649817,273.8336630146119,2019
Marlon Mack,IND,RB,23,14,12,0,0,0,0,0,247,1091,4.42,8,17,14,82,5.86,0,0.0,0,8,1.0,0.0,167.0,181.3,25.34476559088963,0.0,0.0,0.0,0.0,0.0,272.18074351955386,1202.2234460721993,4.870602778770963,8.815570640309437,18.733087610657552,15.427248620541514,90.35959906317173,6.457405494026663,0.0,0.0,0.0,8.815570640309437,1.1019463300386796,0.0,184.0250371164595,199.7828696360126,2019
Jarvis Landry,CLE,WR,27,16,16,0,0,0,0,0,1,10,10.0,0,138,83,1174,14.14,6,0.0,0,6,0.0,0.0,154.0,237.4,27.83096297291921,0.0,0.0,0.0,0.0,0.0,1.0307764064044151,10.307764064044152,10.307764064044152,0.0,142.2471440838093,85.55444173156646,1210.1315011187835,14.57517838655843,6.184658438426491,0.0,0.0,6.184658438426491,0.0,0.0,158.73956658627992,244.70631888040816,2019
Josh Allen,BUF,QB,23,16,16,271,461,3089,20,9,109,510,4.68,9,0,0,0,0.0,0,14.0,4,9,1.0,2.0,289.0,288.6,23.707857347301548,279.3404061355965,475.1879233524354,3184.0683193832383,20.615528128088304,9.276987657639737,112.35462829808125,525.6959672662517,4.824033581972663,9.276987657639737,0.0,0.0,0.0,0.0,0.0,14.430869689661812,4.123105625617661,9.276987657639737,1.0307764064044151,2.0615528128088303,297.894381450876,297.48207088831424,2019
Tyler Lockett,SEA,WR,27,16,16,0,0,0,0,0,4,-5,-1.25,0,110,82,1057,12.89,8,1.0,0,8,0.0,0.0,153.0,235.2,27.83096297291921,0.0,0.0,0.0,0.0,0.0,4.123105625617661,-5.153882032022076,-1.288470508005519,0.0,113.38540470448567,84.52366532516204,1089.530661569467,13.286707878552912,8.246211251235321,1.0307764064044151,0.0,8.246211251235321,0.0,0.0,157.7087901798755,242.43861078631843,2019
DJ Chark,JAX,WR,23,15,14,0,0,0,0,0,2,20,10.0,0,118,73,1008,13.81,8,0.0,0,8,1.0,0.0,153.0,225.8,24.485369781429345,0.0,0.0,0.0,0.0,0.0,2.1291625896895083,21.29162589689508,10.64581294844754,0.0,125.62059279168099,77.71443452366705,1073.0979452035122,14.701867681806055,8.516650358758033,0.0,0.0,8.516650358758033,1.0645812948447542,0.0,162.8809381112474,240.38245637594548,2019
Kenyan Drake,2TM,RB,25,14,10,0,0,0,0,0,170,817,4.81,8,68,50,345,6.9,0,2.0,1,8,1.0,0.0,164.0,214.2,27.548658250966987,0.0,0.0,0.0,0.0,0.0,187.33087610657552,900.2901516416011,5.300361847486048,8.815570640309437,74.93235044263021,55.097316501933975,380.17148386334446,7.603429677266889,0.0,2.203892660077359,1.1019463300386796,8.815570640309437,1.1019463300386796,0.0,180.71919812634346,236.03690389428513,2019
Patrick Mahomes,KAN,QB,24,14,14,319,484,4031,26,5,43,218,5.07,2,0,0,0,0.0,0,3.0,2,2,0.0,1.0,287.0,287.0,26.44671192092831,351.5208792823388,533.3420237387209,4441.945656385918,28.650604581005666,5.509731650193397,47.38369219166322,240.22429994843213,5.586867893296105,2.203892660077359,0.0,0.0,0.0,0.0,0.0,3.3058389901160385,2.203892660077359,2.203892660077359,0.0,1.1019463300386796,316.258596721101,316.258596721101,2019
Phillip Lindsay,DEN,RB,25,16,16,0,0,0,0,0,224,1011,4.51,7,48,35,196,5.6,0,0.0,0,7,0.0,0.0,163.0,197.7,25.76941016011038,0.0,0.0,0.0,0.0,0.0,230.89391503458899,1042.1149468748638,4.648801592883912,7.215434844830906,49.47726750741193,36.07717422415453,202.03217565526538,5.772347875864725,0.0,0.0,0.0,7.215434844830906,0.0,0.0,168.01655424391967,203.78449554615287,2019
Kyler Murray,ARI,QB,22,16,16,349,542,3722,20,12,93,544,5.85,4,0,0,0,0.0,0,5.0,2,4,0.0,3.0,285.0,285.3,22.677080940897135,359.7409658351409,558.680812271193,3836.549784637233,20.615528128088304,12.369316876852983,95.8622057956106,560.7423650840018,6.030041977465828,4.123105625617661,0.0,0.0,0.0,0.0,0.0,5.153882032022076,2.0615528128088303,4.123105625617661,0.0,3.0923292192132457,293.77127582525833,294.08050874717964,2019
Courtland Sutton,DEN,WR,24,16,14,1,1,38,0,0,3,17,5.67,0,124,72,1112,15.44,6,2.0,0,6,0.0,0.0,150.0,222.4,24.738633753705965,1.0307764064044151,1.0307764064044151,39.16950344336777,0.0,0.0,3.0923292192132457,17.523198908875056,5.844502224313034,0.0,127.81627439414748,74.21590126111789,1146.2233639217097,15.91518771488417,6.184658438426491,2.0615528128088303,0.0,6.184658438426491,0.0,0.0,154.61646096066227,229.24467278434193,2019
Stefon Diggs,MIN,WR,26,15,15,0,1,0,0,0,5,61,12.2,0,94,63,1130,17.94,6,4.0,3,6,0.0,0.0,149.0,212.1,27.679113665963605,0.0,1.0645812948447542,0.0,0.0,0.0,5.32290647422377,64.93945898553,12.987891797106,0.0,100.0706417154069,67.06862157521951,1202.9768631745721,19.09858842951489,6.387487769068525,4.258325179379017,3.1937438845342623,6.387487769068525,0.0,0.0,158.62261293186836,225.79769263657235,2019
John Brown,BUF,WR,29,15,15,1,1,28,1,0,2,7,3.5,0,115,72,1060,14.72,6,0.0,0,6,0.0,0.0,148.0,219.8,30.87285755049787,1.0645812948447542,1.0645812948447542,29.808276255653116,1.0645812948447542,0.0,2.1291625896895083,7.452069063913279,3.7260345319566395,0.0,122.42684890714672,76.6498532288223,1128.4561725354395,15.67063666011478,6.387487769068525,0.0,0.0,6.387487769068525,0.0,0.0,157.55803163702362,233.99496860687697,2019
Hunter Henry,LAC,TE,25,12,12,0,0,0,0,0,0,0,0.0,0,76,55,652,11.85,5,1.0,1,5,1.0,0.0,95.0,150.2,29.755951785595208,0.0,0.0,0.0,0.0,0.0,0.0,0.0,0.0,0.0,90.45809342820944,65.46309392830946,776.0352225683231,14.10432114637213,5.951190357119041,1.1902380714238083,1.1902380714238083,5.951190357119041,1.1902380714238083,0.0,113.0726167852618,178.773758327856,2019
Michael Gallup,DAL,WR,23,14,12,0,0,0,0,0,0,0,0.0,0,113,66,1107,16.77,6,0.0,0,6,0.0,0.0,147.0,212.7,25.34476559088963,0.0,0.0,0.0,0.0,0.0,0.0,0.0,0.0,0.0,124.51993529437078,72.72845778255285,1219.8545873528183,18.479639954748656,6.611677980232077,0.0,0.0,6.611677980232077,0.0,0.0,161.98611051568588,234.38398439922713,2019
Aaron Rodgers,GNB,QB,36,16,16,353,569,4002,26,4,46,183,3.98,1,0,0,0,0.0,0,4.0,4,1,1.0,2.0,278.0,278.4,37.107950630558946,363.86407146075857,586.5117752441122,4125.16717843047,26.800186566514792,4.123105625617661,47.415714694603096,188.63208237200797,4.102490097489572,1.0307764064044151,0.0,0.0,0.0,0.0,0.0,4.123105625617661,4.123105625617661,1.0307764064044151,1.0307764064044151,2.0615528128088303,286.55584098042743,286.9681515429892,2019
Tyler Higbee,LAR,TE,26,15,15,0,0,0,0,0,0,0,0.0,0,89,69,734,10.64,3,0.0,0,3,0.0,0.0,91.0,160.4,27.679113665963605,0.0,0.0,0.0,0.0,0.0,0.0,0.0,0.0,0.0,94.74773524118312,73.45610934428804,781.4026704160495,11.327144977148185,3.1937438845342623,0.0,0.0,3.1937438845342623,0.0,0.0,96.87689783087262,170.75883969309857,2019
D.J. Moore,CAR,WR,22,15,15,0,0,0,0,0,6,40,6.67,0,135,87,1175,13.51,4,2.0,1,4,0.0,0.0,144.0,230.5,23.42078848658459,0.0,0.0,0.0,0.0,0.0,6.387487769068525,42.58325179379016,7.10075723661451,0.0,143.71847480404182,92.61857265149361,1250.8830214425861,14.382493293352628,4.258325179379017,2.1291625896895083,1.0645812948447542,4.258325179379017,0.0,0.0,153.2997064576446,245.3859884617158,2019
Robert Woods,LAR,WR,27,15,15,0,0,0,0,0,17,115,6.76,1,139,90,1134,12.6,2,0.0,0,3,0.0,0.0,143.0,232.9,28.743694960808362,0.0,0.0,0.0,0.0,0.0,18.09788201236082,122.42684890714672,7.196569553150537,1.0645812948447542,147.97679998342082,95.81231653602786,1207.2351883539511,13.4137243150439,2.1291625896895083,0.0,0.0,3.1937438845342623,0.0,0.0,152.23512516279985,247.94098356934325,2019
Carson Wentz,PHI,QB,27,16,16,388,607,4039,27,7,62,243,3.92,1,0,0,0,0.0,0,16.0,7,1,0.0,2.0,276.0,275.9,27.83096297291921,399.9412456849131,625.68127868748,4163.305905467433,27.83096297291921,7.215434844830906,63.90813719707374,250.47866675627287,4.040643513105308,1.0307764064044151,0.0,0.0,0.0,0.0,0.0,16.492422502470642,7.215434844830906,1.0307764064044151,0.0,2.0615528128088303,284.4942881676186,284.3912105269781,2019
Raheem Mostert,SFO,RB,27,16,0,0,0,0,0,0,137,772,5.64,8,22,14,180,12.86,2,2.0,2,10,0.0,0.0,151.0,165.2,27.83096297291921,0.0,0.0,0.0,0.0,0.0,141.2163676774049,795.7593857442085,5.813578932120901,8.246211251235321,22.677080940897135,14.430869689661812,185.53975315279473,13.255784586360779,2.0615528128088303,2.0615528128088303,2.0615528128088303,10.307764064044152,0.0,0.0,155.64723736706668,170.28426233800937,2019
Dallas Goedert,PHI,TE,24,15,9,0,0,0,0,0,0,0,0.0,0,87,58,607,10.47,5,2.0,2,5,0.0,0.0,87.0,144.7,25.5499510762741,0.0,0.0,0.0,0.0,0.0,0.0,0.0,0.0,0.0,92.61857265149361,61.74571510099574,646.2008459707657,11.146166157024576,5.32290647422377,2.1291625896895083,2.1291625896895083,5.32290647422377,0.0,0.0,92.61857265149361,154.04491336403592,2019
Le'Veon Bell,NYJ,RB,27,15,15,0,0,0,0,0,245,789,3.22,3,78,66,461,6.98,1,1.0,1,4,1.0,0.0,149.0,215.0,28.743694960808362,0.0,0.0,0.0,0.0,0.0,260.8224172369648,839.954641632511,3.4279517694001083,3.1937438845342623,83.03734099789082,70.26236545975377,490.7719769234316,7.430777438016384,1.0645812948447542,1.0645812948447542,1.0645812948447542,4.258325179379017,1.0645812948447542,0.0,158.62261293186836,228.88497839162213,2019
Mike Gesicki,MIA,TE,24,16,5,0,0,0,0,0,0,0,0.0,0,89,51,570,11.18,5,1.0,1,5,0.0,0.0,85.0,136.0,24.738633753705965,0.0,0.0,0.0,0.0,0.0,0.0,0.0,0.0,0.0,91.73910016999295,52.56959672662517,587.5425516505167,11.524080223601361,5.153882032022076,1.0307764064044151,1.0307764064044151,5.153882032022076,0.0,0.0,87.61599454437528,140.18559127100045,2019
Calvin Ridley,ATL,WR,25,13,10,0,0,0,0,0,2,34,17.0,0,93,63,866,13.75,7,0.0,0,7,1.0,0.0,134.0,197.0,28.58859374484328,0.0,0.0,0.0,0.0,0.0,2.2870874995874626,38.880487492986866,19.440243746493433,0.0,106.34956873081701,72.04325623700507,990.3088873213712,15.723726559663804,8.004806248556118,0.0,0.0,8.004806248556118,1.1435437497937313,0.0,153.23486247236,225.27811870936506,2019
Terry McLaurin,WAS,WR,24,14,14,0,0,0,0,0,0,0,0.0,0,93,58,919,15.84,7,0.0,0,7,0.0,0.0,134.0,191.9,26.44671192092831,0.0,0.0,0.0,0.0,0.0,0.0,0.0,0.0,0.0,102.4810086935972,63.91288714224341,1012.6886773055465,17.454829867812684,7.713624310270757,0.0,0.0,7.713624310270757,0.0,0.0,147.66080822518305,211.4635007344226,2019
David Montgomery,CHI,RB,22,16,8,0,0,0,0,0,242,889,3.67,6,35,25,185,7.4,1,2.0,2,7,0.0,0.0,145.0,170.4,22.677080940897135,0.0,0.0,0.0,0.0,0.0,249.44789034986846,916.3602252935251,3.7829494115042035,6.184658438426491,36.07717422415453,25.76941016011038,190.6936351848168,7.6277454073926725,1.0307764064044151,2.0615528128088303,2.0615528128088303,7.215434844830906,0.0,0.0,149.4625789286402,175.64429965131234,2019
Tyler Boyd,CIN,WR,25,16,15,0,0,0,0,0,4,23,5.75,0,148,90,1046,11.62,5,2.0,2,5,0.0,0.0,133.0,222.9,25.76941016011038,0.0,0.0,0.0,0.0,0.0,4.123105625617661,23.707857347301548,5.926964336825387,0.0,152.55490814785344,92.76987657639737,1078.1921210990183,11.977621842419303,5.153882032022076,2.0615528128088303,2.0615528128088303,5.153882032022076,0.0,0.0,137.0932620517872,229.76006098754414,2019
Matt Ryan,ATL,QB,34,15,15,408,616,4466,26,14,34,147,4.32,1,0,0,0,0.0,0,9.0,5,1,0.0,1.0,267.0,267.3,36.19576402472164,434.3491682966597,655.7820776243685,4754.420062776672,27.679113665963605,14.904138127826558,36.19576402472164,156.49345034217885,4.598991193729338,1.0645812948447542,0.0,0.0,0.0,0.0,0.0,9.581231653602787,5.32290647422377,1.0645812948447542,0.0,1.0645812948447542,284.24320572354935,284.56258011200276,2019
Deebo Samuel,SFO,WR,23,15,11,0,0,0,0,0,14,159,11.36,3,81,57,802,14.07,3,2.0,1,6,1.0,0.0,132.0,189.1,24.485369781429345,0.0,0.0,0.0,0.0,0.0,14.904138127826558,169.2684258803159,12.093643509436406,3.1937438845342623,86.23108488242508,60.68113380615098,853.7941984654927,14.978658818465691,3.1937438845342623,2.1291625896895083,1.0645812948447542,6.387487769068525,1.0645812948447542,0.0,140.52473091950753,201.312322855143,2019
Marvin Jones,DET,WR,29,13,11,0,0,0,0,0,2,0,0.0,0,91,62,779,12.56,9,0.0,0,9,0.0,0.0,132.0,193.9,33.16276874401821,0.0,0.0,0.0,0.0,0.0,2.2870874995874626,0.0,0.0,0.0,104.06248123122954,70.89971248721133,890.8205810893166,14.362909497409266,10.29189374814358,0.0,0.0,10.29189374814358,0.0,0.0,150.94777497277252,221.7331330850045,2019
Carlos Hyde,HOU,RB,29,16,14,0,0,0,0,0,245,1070,4.37,6,16,10,42,4.2,0,4.0,2,6,0.0,0.0,143.0,153.2,29.89251578572804,0.0,0.0,0.0,0.0,0.0,252.5402195690817,1102.9307548527242,4.504492895987294,6.184658438426491,16.492422502470642,10.307764064044152,43.292609068985435,4.3292609068985435,0.0,4.123105625617661,2.0615528128088303,6.184658438426491,0.0,0.0,147.40102611583137,157.91494546115638,2019
Tyreek Hill,KAN,WR,25,12,12,0,0,0,0,0,8,23,2.88,0,89,58,860,14.83,7,0.0,0,7,0.0,0.0,130.0,188.3,29.755951785595208,0.0,0.0,0.0,0.0,0.0,9.521904571390467,27.375475642747592,3.427885645700568,0.0,105.93118835671895,69.03380814258088,1023.6047414244752,17.65123059921508,8.331666499966659,0.0,0.0,8.331666499966659,0.0,0.0,154.73094928509508,224.12182884910314,2019
Davante Adams,GNB,WR,27,12,12,0,0,0,0,0,0,0,0.0,0,127,83,997,12.01,5,2.0,1,5,1.0,0.0,130.0,212.7,32.13642792844283,0.0,0.0,0.0,0.0,0.0,0.0,0.0,0.0,0.0,151.16023507082366,98.7897599281761,1186.667357209537,14.294759237799939,5.951190357119041,2.3804761428476167,1.1902380714238083,5.951190357119041,1.1902380714238083,0.0,154.73094928509508,253.16363779184402,2019
D.K. Metcalf,SEA,WR,22,16,15,0,0,0,0,0,2,11,5.5,0,100,58,900,15.52,7,3.0,3,7,1.0,0.0,129.0,187.1,22.677080940897135,0.0,0.0,0.0,0.0,0.0,2.0615528128088303,11.338540470448567,5.669270235224284,0.0,103.07764064044152,59.78503157145608,927.6987657639736,15.997649827396522,7.215434844830906,3.0923292192132457,3.0923292192132457,7.215434844830906,1.0307764064044151,0.0,132.97015642616955,192.85826563826606,2019
Sony Michel,NWE,RB,24,16,14,0,0,0,0,0,247,912,3.69,7,20,12,94,7.83,0,2.0,1,7,0.0,0.0,141.0,152.6,24.738633753705965,0.0,0.0,0.0,0.0,0.0,254.60177238189056,940.0680826408267,3.8035649396322917,7.215434844830906,20.615528128088304,12.369316876852983,96.89298220201502,8.07097926214657,0.0,2.0615528128088303,1.0307764064044151,7.215434844830906,0.0,0.0,145.33947330302254,157.29647961731374,2019
Tom Brady,NWE,QB,42,16,16,373,613,4057,24,8,26,34,1.31,3,0,0,0,0.0,0,4.0,1,3,0.0,1.0,264.0,263.7,43.292609068985435,384.47959958884684,631.8659371259065,4181.859880782712,24.738633753705965,8.246211251235321,26.800186566514792,35.04639781775011,1.3503170923897838,3.0923292192132457,0.0,0.0,0.0,0.0,0.0,4.123105625617661,1.0307764064044151,3.0923292192132457,0.0,1.0307764064044151,272.1249712907656,271.8157383688443,2019
Jared Goff,LAR,QB,25,16,16,394,626,4638,22,16,33,40,1.21,2,0,0,0,0.0,0,10.0,5,2,0.0,0.0,248.0,247.5,25.76941016011038,406.1259041233396,645.2660304091639,4780.740972903677,22.677080940897135,16.492422502470642,34.0156214113457,41.23105625617661,1.2472394517493424,2.0615528128088303,0.0,0.0,0.0,0.0,0.0,10.307764064044152,5.153882032022076,2.0615528128088303,0.0,0.0,255.63254878829497,255.11716058509276,2019
Jimmy Garoppolo,SFO,QB,28,16,16,329,476,3978,27,13,46,62,1.35,1,0,0,0,0.0,0,10.0,5,1,0.0,2.0,247.0,247.3,28.861739379323623,339.1254377070526,490.6495694485016,4100.4285446767635,27.83096297291921,13.400093283257396,47.415714694603096,63.90813719707374,1.3915481486459607,1.0307764064044151,0.0,0.0,0.0,0.0,0.0,10.307764064044152,5.153882032022076,1.0307764064044151,0.0,2.0615528128088303,254.60177238189056,254.9110053038119,2019
Derek Carr,OAK,QB,28,16,16,361,513,4054,21,8,27,82,3.04,2,0,0,0,0.0,0,7.0,3,2,0.0,0.0,244.0,244.4,28.861739379323623,372.1102827119939,528.788296485465,4178.767551563499,21.646304534492717,8.246211251235321,27.83096297291921,84.52366532516204,3.133560275469422,2.0615528128088303,0.0,0.0,0.0,0.0,0.0,7.215434844830906,3.0923292192132457,2.0615528128088303,0.0,0.0,251.5094431626773,251.92175372523906,2019
Kirk Cousins,MIN,QB,31,15,15,307,444,3603,26,6,31,63,2.03,1,1,0,0,0.0,0,10.0,3,1,0.0,1.0,244.0,244.4,33.002020140187376,326.8264575173395,472.6740949110708,3835.686405325649,27.679113665963605,6.387487769068525,33.002020140187376,67.06862157521951,2.1611000285348507,1.0645812948447542,1.0645812948447542,0.0,0.0,0.0,0.0,10.64581294844754,3.1937438845342623,1.0645812948447542,0.0,1.0645812948447542,259.75783594212,260.1836684600579,2019
Ryan Fitzpatrick,MIA,QB,37,15,13,311,502,3529,20,13,54,243,4.5,4,0,0,0,0.0,0,9.0,2,4,0.0,1.0,241.0,241.5,39.389507909255904,331.08478269671855,534.4198100120666,3756.9073895071374,21.29162589689508,13.839556832981803,57.487389921616725,258.69325464727524,4.790615826801393,4.258325179379017,0.0,0.0,0.0,0.0,0.0,9.581231653602787,2.1291625896895083,4.258325179379017,0.0,1.0645812948447542,256.56409205758575,257.0963827050081,2019
Philip Rivers,LAC,QB,38,16,16,390,591,4615,23,20,12,29,2.42,0,0,0,0,0.0,0,8.0,3,0,0.0,1.0,236.0,235.5,39.16950344336777,402.0027984977219,609.1888561850094,4757.033115556376,23.707857347301548,20.615528128088304,12.369316876852983,29.89251578572804,2.4944789034986847,0.0,0.0,0.0,0.0,0.0,0.0,8.246211251235321,3.0923292192132457,0.0,0.0,1.0307764064044151,243.26323191144198,242.74784370823977,2019
Baker Mayfield,CLE,QB,24,16,16,317,534,3827,22,21,28,141,5.04,3,0,0,0,0.0,0,6.0,2,3,0.0,1.0,229.0,229.2,24.738633753705965,326.7561208301996,550.4346010199577,3944.781307309697,22.677080940897135,21.646304534492717,28.861739379323623,145.33947330302254,5.195113088278252,3.0923292192132457,0.0,0.0,0.0,0.0,0.0,6.184658438426491,2.0615528128088303,3.0923292192132457,0.0,1.0307764064044151,236.04779706661108,236.25395234789195,2019
Gardner Minshew II,JAX,QB,23,14,12,285,470,3271,21,6,67,344,5.13,0,0,0,0,0.0,0,12.0,7,0,0.0,3.0,229.0,229.2,25.34476559088963,314.05470406102364,517.9147751181794,3604.4664455565207,23.14087293081227,6.611677980232077,73.83040411259152,379.0695375333058,5.652984673098426,0.0,0.0,0.0,0.0,0.0,0.0,13.223355960464154,7.713624310270757,0.0,0.0,3.3058389901160385,252.34570957885762,252.56609884486534,2019
Drew Brees,NOR,QB,40,11,11,281,378,2979,27,4,9,-4,-0.44,1,0,0,0,0.0,0,0.0,0,1,0.0,0.0,225.0,224.8,49.726524840644885,349.3288370055303,469.9156597440941,3703.3829375070277,33.5654042674353,4.972652484064488,11.188468089145099,-4.972652484064488,-0.5469917732470937,1.243163121016122,0.0,0.0,0.0,0.0,0.0,0.0,0.0,1.243163121016122,0.0,0.0,279.7117022286275,279.4630696044243,2019
Ryan Tannehill,TEN,QB,31,12,10,201,286,2742,22,6,43,185,4.3,4,0,0,0,0.0,0,5.0,3,4,1.0,0.0,224.0,224.2,36.89738021413806,239.23785235618547,340.4080884272092,3263.6327918440825,26.185237571323785,7.14142842854285,51.18023707122376,220.19404321340454,5.118023707122376,4.760952285695233,0.0,0.0,0.0,0.0,0.0,5.951190357119041,3.570714214271425,4.760952285695233,1.1902380714238083,0.0,266.6133279989331,266.85137561321784,2019
Jacoby Brissett,IND,QB,27,15,15,272,447,2942,18,6,56,228,4.07,4,1,1,2,2.0,0,7.0,5,4,0.0,1.0,217.0,217.7,28.743694960808362,289.5661121977731,475.8678387956051,3131.9981694332664,19.162463307205574,6.387487769068525,59.61655251130623,242.72453522460393,4.33284587001815,4.258325179379017,1.0645812948447542,1.0645812948447542,2.1291625896895083,2.1291625896895083,0.0,7.452069063913279,5.32290647422377,4.258325179379017,0.0,1.0645812948447542,231.01414098131164,231.75934788770294,2019
Daniel Jones,NYG,QB,22,13,12,284,459,3027,24,12,45,279,6.2,2,0,0,0,0.0,0,19.0,11,2,0.0,2.0,215.0,215.0,25.157962495462087,324.7664249414197,524.8865811553227,3461.5069306256246,27.44504999504955,13.722524997524776,51.45946874071791,319.048706192451,7.089971248721134,2.2870874995874626,0.0,0.0,0.0,0.0,0.0,21.727331246080894,12.578981247731043,2.2870874995874626,0.0,2.2870874995874626,245.86190620565222,245.86190620565222,2019
Andy Dalton,CIN,QB,32,13,13,314,528,3494,16,14,32,73,2.28,4,1,1,-4,-4.0,0,8.0,4,4,1.0,1.0,203.0,203.7,36.5933999933994,359.0727374352316,603.7910998910901,3995.541861779297,18.2966999966997,16.009612497112236,36.5933999933994,83.47869373494238,2.607279749529707,4.574174999174925,1.1435437497937313,1.1435437497937313,-4.574174999174925,-4.574174999174925,0.0,9.14834999834985,4.574174999174925,4.574174999174925,1.1435437497937313,1.1435437497937313,232.13938120812745,232.93986183298304,2019
Mitchell Trubisky,CHI,QB,25,15,15,326,516,3138,17,10,48,193,4.02,2,0,0,0,0.0,0,5.0,2,2,0.0,1.0,203.0,202.8,26.61453237111885,347.05350211938986,549.3239481398931,3340.6561032228383,18.09788201236082,10.64581294844754,51.0999021525482,205.46418990503753,4.279616805275911,2.1291625896895083,0.0,0.0,0.0,0.0,0.0,5.32290647422377,2.1291625896895083,2.1291625896895083,0.0,1.0645812948447542,216.11000285348507,215.89708659451614,2019
Sam Darnold,NYJ,QB,22,13,13,273,441,3024,19,13,33,62,1.88,2,0,0,0,0.0,0,11.0,3,2,0.0,3.0,189.0,189.2,25.157962495462087,312.18744369368864,504.3027936590355,3458.0762993762432,21.727331246080894,14.866068747318506,37.73694374319313,70.89971248721133,2.1498622496122146,2.2870874995874626,0.0,0.0,0.0,0.0,0.0,12.578981247731043,3.430631249381194,2.2870874995874626,0.0,3.430631249381194,216.1297687110152,216.35847746097394,2019
Kyle Allen,CAR,QB,23,13,12,303,489,3322,17,16,32,106,3.31,2,0,0,0,0.0,0,13.0,7,2,0.0,0.0,177.0,177.5,26.30150624525582,346.4937561875006,559.1928936491346,3798.8523368147753,19.440243746493433,18.2966999966997,36.5933999933994,121.21563747813552,3.7851298118172507,2.2870874995874626,0.0,0.0,0.0,0.0,0.0,14.866068747318506,8.004806248556118,2.2870874995874626,0.0,0.0,202.40724371349043,202.97901558838728,2019
Matthew Stafford,DET,QB,31,8,8,187,291,2499,19,5,20,66,3.3,0,0,0,0,0.0,0,5.0,3,0,0.0,0.0,167.0,166.6,45.189877185051074,272.5970010840178,424.20175034999556,3642.8871963046013,27.697021500515177,7.2886898685566255,29.154759474226502,96.21070626494745,4.810535313247373,0.0,0.0,0.0,0.0,0.0,0.0,7.2886898685566255,4.373213921133975,0.0,0.0,0.0,243.44224160979127,242.85914642030673,2019
Devonta Freeman,ATL,RB,27,14,14,0,0,0,0,0,184,656,3.57,2,70,59,410,6.95,4,3.0,2,6,0.0,0.0,139.0,197.6,29.75255091104435,0.0,0.0,0.0,0.0,0.0,202.75812472711704,722.8767925053738,3.9339483982380856,2.203892660077359,77.13624310270757,65.01483347228209,451.7979953158586,7.658526993768823,4.407785320154718,3.3058389901160385,2.203892660077359,6.611677980232077,0.0,0.0,153.17053987537645,217.74459481564307,2019
Melvin Gordon,LAC,RB,26,12,11,0,0,0,0,0,162,612,3.78,8,55,42,296,7.05,1,4.0,3,9,0.0,0.0,139.0,180.8,30.946189857019018,0.0,0.0,0.0,0.0,0.0,192.81856757065697,728.4256997113707,4.499099909981996,9.521904571390467,65.46309392830946,49.98999899979995,352.3104691414473,8.391178403537848,1.1902380714238083,4.760952285695233,3.570714214271425,10.712142642814275,0.0,0.0,165.44309192790936,215.19504331342458,2019
Ronald Jones II,TAM,RB,22,16,9,0,0,0,0,0,172,724,4.21,6,40,31,309,9.97,0,3.0,2,6,0.0,0.0,135.0,166.3,22.677080940897135,0.0,0.0,0.0,0.0,0.0,177.2935419015594,746.2821182367966,4.339568670962588,6.184658438426491,41.23105625617661,31.95406859853687,318.5099095789643,10.27684077185202,0.0,3.0923292192132457,2.0615528128088303,6.184658438426491,0.0,0.0,139.15481486459603,171.41811638505425,2019
Adrian Peterson,WAS,RB,34,15,15,0,0,0,0,0,211,898,4.26,5,23,17,142,8.35,0,3.0,2,5,0.0,0.0,130.0,147.0,36.19576402472164,0.0,0.0,0.0,0.0,0.0,224.62665321224313,955.9940027705892,4.5351163160386525,5.32290647422377,24.485369781429345,18.09788201236082,151.17054386795508,8.889253811953697,0.0,3.1937438845342623,2.1291625896895083,5.32290647422377,0.0,0.0,138.39556832981805,156.49345034217885,2019
James White,NWE,RB,27,15,1,1,1,35,0,0,67,263,3.93,1,95,72,645,8.96,5,1.0,1,6,1.0,0.0,128.0,200.2,28.743694960808362,1.0645812948447542,1.0645812948447542,37.26034531956639,0.0,0.0,71.32694675459852,279.9848805441703,4.1838044887398835,1.0645812948447542,101.13522301025164,76.6498532288223,686.6549351748664,9.538648401808997,5.32290647422377,1.0645812948447542,1.0645812948447542,6.387487769068525,1.0645812948447542,0.0,136.26640574012853,213.12917522791977,2019
Odell Beckham Jr.,CLE,WR,27,16,15,1,2,20,0,0,3,10,3.33,0,133,74,1035,13.99,4,1.0,1,4,0.0,0.0,127.0,201.3,27.83096297291921,1.0307764064044151,2.0615528128088303,20.615528128088304,0.0,0.0,3.0923292192132457,10.307764064044152,3.4324854333267028,0.0,137.0932620517872,76.27745407392672,1066.8535806285697,14.420561925597768,4.123105625617661,1.0307764064044151,1.0307764064044151,4.123105625617661,0.0,0.0,130.90860361336073,207.49529060920878,2019
Emmanuel Sanders,2TM,WR,32,17,16,1,1,35,1,0,0,0,0.0,0,97,66,869,13.17,5,0.0,0,5,1.0,0.0,124.0,190.3,32.0,1.0,1.0,35.0,1.0,0.0,0.0,0.0,0.0,0.0,97.0,66.0,869.0,13.17,5.0,0.0,0.0,5.0,1.0,0.0,124.0,190.3,2019
Latavius Murray,NOR,RB,29,16,8,0,0,0,0,0,146,637,4.36,5,43,34,235,6.91,1,0.0,0,6,0.0,0.0,123.0,157.2,29.89251578572804,0.0,0.0,0.0,0.0,0.0,150.4933553350446,656.6045708796124,4.49418513192325,5.153882032022076,44.32338547538985,35.04639781775011,242.23245550503756,7.122664968254509,1.0307764064044151,0.0,0.0,6.184658438426491,0.0,0.0,126.78549798774307,162.03805108677406,2019
Darius Slayton,NYG,WR,22,14,9,0,0,0,0,0,0,0,0.0,0,84,48,740,15.42,8,0.0,0,8,0.0,0.0,122.0,170.0,24.24281926085095,0.0,0.0,0.0,0.0,0.0,0.0,0.0,0.0,0.0,92.56349172324909,52.89342384185662,815.4402842286229,16.992012409196438,8.815570640309437,0.0,0.0,8.815570640309437,0.0,0.0,134.4374522647189,187.33087610657552,2019
Jamison Crowder,NYJ,WR,26,16,12,0,0,0,0,0,1,4,4.0,0,122,78,833,10.68,6,0.0,0,6,0.0,0.0,120.0,197.7,26.800186566514792,0.0,0.0,0.0,0.0,0.0,1.0307764064044151,4.123105625617661,4.123105625617661,0.0,125.75472158133864,80.40055969954439,858.6367465348778,11.008692020399154,6.184658438426491,0.0,0.0,6.184658438426491,0.0,0.0,123.69316876852982,203.78449554615287,2019
Devin Singletary,BUF,RB,22,12,8,0,0,0,0,0,151,775,5.13,2,41,29,194,6.69,2,4.0,1,4,0.0,0.0,119.0,147.9,26.185237571323785,0.0,0.0,0.0,0.0,0.0,179.72594878499507,922.4345053534515,6.105921306404137,2.3804761428476167,48.799760928376145,34.51690407129044,230.90618585621883,7.962692697825278,2.3804761428476167,4.760952285695233,1.1902380714238083,4.760952285695233,0.0,0.0,141.63833049943318,176.03621076358127,2019
Cole Beasley,BUF,WR,30,15,10,0,0,0,0,0,0,0,0.0,0,106,67,778,11.61,6,0.0,0,6,2.0,0.0,118.0,184.8,31.937438845342623,0.0,0.0,0.0,0.0,0.0,0.0,0.0,0.0,0.0,112.84561725354394,71.32694675459852,828.2442473892187,12.359788833147595,6.387487769068525,0.0,0.0,6.387487769068525,2.1291625896895083,0.0,125.62059279168099,196.73462328731057,2019
Curtis Samuel,CAR,WR,23,16,15,0,0,0,0,0,19,130,6.84,1,105,54,627,11.61,6,0.0,0,7,0.0,0.0,118.0,171.7,23.707857347301548,0.0,0.0,0.0,0.0,0.0,19.584751721683887,134.00093283257397,7.050510619806199,1.0307764064044151,108.2315226724636,55.66192594583842,646.2968068155683,11.96731407835526,6.184658438426491,0.0,0.0,7.215434844830906,0.0,0.0,121.63161595572099,176.98430897963806,2019
Tevin Coleman,SFO,RB,26,14,11,0,0,0,0,0,137,544,3.97,6,30,21,180,8.57,1,0.0,0,7,0.0,0.0,114.0,135.4,28.650604581005666,0.0,0.0,0.0,0.0,0.0,150.9666472152991,599.4588035410417,4.374726930253558,6.611677980232077,33.05838990116039,23.14087293081227,198.35033940696232,9.443680048431483,1.1019463300386796,0.0,0.0,7.713624310270757,0.0,0.0,125.62188162440947,149.20353308723722,2019
James Conner,PIT,RB,24,10,10,0,0,0,0,0,116,464,4.0,4,38,34,251,7.38,3,1.0,1,7,0.0,0.0,112.0,145.5,31.292171544972714,0.0,0.0,0.0,0.0,0.0,151.24549580070146,604.9819832028058,5.215361924162119,5.215361924162119,49.54593827954013,44.330576355378014,327.263960741173,9.62234275007911,3.9115214431215892,1.3038404810405297,1.3038404810405297,9.126883367283709,0.0,0.0,146.03013387653934,189.70878999139708,2019
Mike Williams,LAC,WR,25,15,15,0,0,0,0,0,1,2,2.0,0,90,49,1001,20.43,2,0.0,0,2,0.0,0.0,112.0,161.3,26.61453237111885,0.0,0.0,0.0,0.0,0.0,1.0645812948447542,2.1291625896895083,2.1291625896895083,0.0,95.81231653602786,52.16448344739295,1065.6458761395988,21.749395853678326,2.1291625896895083,0.0,0.0,2.1291625896895083,0.0,0.0,119.23310502261246,171.71696285845886,2019
Damien Williams,KAN,RB,27,11,6,0,0,0,0,0,111,498,4.49,5,37,30,213,7.1,2,1.0,1,7,0.0,0.0,111.0,141.1,33.5654042674353,0.0,0.0,0.0,0.0,0.0,137.99110643278954,619.0952342660288,5.5818024133623885,6.215815605080611,45.99703547759652,37.294893630483664,264.793744776434,8.826458159214466,2.486326242032244,1.243163121016122,1.243163121016122,8.702141847112854,0.0,0.0,137.99110643278954,175.4103163753748,2019
Robby Anderson,NYJ,WR,26,16,15,0,0,0,0,0,1,4,4.0,0,96,52,779,14.98,5,1.0,0,5,1.0,0.0,110.0,162.3,26.800186566514792,0.0,0.0,0.0,0.0,0.0,1.0307764064044151,4.123105625617661,4.123105625617661,0.0,98.95453501482386,53.600373133029585,802.9748205890394,15.441030567938139,5.153882032022076,1.0307764064044151,0.0,5.153882032022076,1.0307764064044151,0.0,113.38540470448567,167.2950107594366,2019
Chris Conley,JAX,WR,27,16,14,0,0,0,0,0,0,0,0.0,0,90,47,775,16.49,5,0.0,0,5,1.0,0.0,110.0,156.5,27.83096297291921,0.0,0.0,0.0,0.0,0.0,0.0,0.0,0.0,0.0,92.76987657639737,48.44649110100751,798.8517149634217,16.997502941608804,5.153882032022076,0.0,0.0,5.153882032022076,1.0307764064044151,0.0,113.38540470448567,161.31650760229098,2019
Duke Johnson,HOU,RB,26,16,2,0,0,0,0,0,83,410,4.94,2,62,44,410,9.32,3,1.0,1,5,0.0,0.0,110.0,154.0,26.800186566514792,0.0,0.0,0.0,0.0,0.0,85.55444173156646,422.6183266258102,5.092035447637811,2.0615528128088303,63.90813719707374,45.35416188179427,422.6183266258102,9.60683610768915,3.0923292192132457,1.0307764064044151,1.0307764064044151,5.153882032022076,0.0,0.0,113.38540470448567,158.73956658627992,2019
Mason Rudolph,PIT,QB,24,10,8,176,283,1765,13,9,21,42,2.0,0,0,0,0,0.0,0,4.0,0,0,0.0,0.0,109.0,108.8,31.292171544972714,229.47592466313324,368.9868561344699,2301.278449036535,16.949926253526886,11.734564329364767,27.380650101851124,54.76130020370225,2.6076809620810595,0.0,0.0,0.0,0.0,0.0,0.0,5.215361924162119,0.0,0.0,0.0,0.0,142.11861243341775,141.85784433720963,2019
Jamaal Williams,GNB,RB,24,14,2,0,0,0,0,0,107,460,4.3,1,45,39,253,6.49,5,0.0,0,6,0.0,0.0,107.0,146.3,26.44671192092831,0.0,0.0,0.0,0.0,0.0,117.90825731413871,506.89531181779256,4.738369219166322,1.1019463300386796,49.58758485174058,42.9759068715085,278.7924214997859,7.151631681951031,5.509731650193397,0.0,0.0,6.611677980232077,0.0,0.0,117.90825731413871,161.21474808465882,2019
David Johnson,ARI,RB,28,13,9,0,0,0,0,0,94,345,3.67,2,47,36,370,10.28,4,1.0,1,6,0.0,0.0,106.0,141.5,32.01922499422447,0.0,0.0,0.0,0.0,0.0,107.49311248061073,394.52259367883727,4.196805561742994,2.2870874995874626,53.74655624030537,41.16757499257432,423.1111874236806,11.755629747879556,4.574174999174925,1.1435437497937313,1.1435437497937313,6.861262498762388,0.0,0.0,121.21563747813552,161.81144059581297,2019
Diontae Johnson,PIT,WR,23,16,12,0,0,0,0,0,4,41,10.25,0,92,59,680,11.53,5,5.0,2,6,0.0,0.0,104.0,163.1,23.707857347301548,0.0,0.0,0.0,0.0,0.0,4.123105625617661,42.26183266258102,10.565458165645255,0.0,94.83142938920619,60.815807977860494,700.9279563550023,11.884851965842905,5.153882032022076,5.153882032022076,2.0615528128088303,6.184658438426491,0.0,0.0,107.20074626605917,168.1196318845601,2019
Case Keenum,WAS,QB,31,10,8,160,247,1707,11,5,9,12,1.33,1,0,0,0,0.0,0,6.0,3,1,0.0,0.0,103.0,103.5,40.41905491225642,208.61447696648477,322.0485988170109,2225.6557011361842,14.342245291445828,6.519202405202649,11.734564329364767,15.646085772486357,1.7341078397839047,1.3038404810405297,0.0,0.0,0.0,0.0,0.0,7.8230428862431785,3.9115214431215892,1.3038404810405297,0.0,0.0,134.29556954717458,134.94748978769482,2019
Golden Tate,NYG,WR,31,11,10,0,0,0,0,0,1,16,16.0,0,85,49,676,13.8,6,1.0,1,6,0.0,0.0,103.0,152.2,38.53805675149978,0.0,0.0,0.0,0.0,0.0,1.243163121016122,19.890609936257952,19.890609936257952,0.0,105.66886528637038,60.91499292978998,840.3782698068985,17.155651070022486,7.458978726096732,1.243163121016122,1.243163121016122,7.458978726096732,0.0,0.0,128.04580146466057,189.20942701865377,2019
Larry Fitzgerald,ARI,WR,36,16,16,0,0,0,0,0,0,0,0.0,0,109,75,804,10.72,4,1.0,1,4,0.0,0.0,102.0,177.4,37.107950630558946,0.0,0.0,0.0,0.0,0.0,0.0,0.0,0.0,0.0,112.35462829808125,77.30823048033113,828.7442307491498,11.04992307665533,4.123105625617661,1.0307764064044151,1.0307764064044151,4.123105625617661,0.0,0.0,105.13919345325034,182.85973449614326,2019
Breshad Perriman,TAM,WR,26,14,4,0,0,0,0,0,2,16,8.0,0,69,36,645,17.92,6,0.0,0,6,0.0,0.0,102.0,138.1,28.650604581005666,0.0,0.0,0.0,0.0,0.0,2.203892660077359,17.631141280618873,8.815570640309437,0.0,76.03429677266888,39.67006788139246,710.7553828749483,19.74687823429314,6.611677980232077,0.0,0.0,6.611677980232077,0.0,0.0,112.3985256639453,152.17878817834165,2019
Peyton Barber,TAM,RB,25,16,7,0,0,0,0,0,154,470,3.05,6,24,16,115,7.19,1,1.0,1,7,1.0,0.0,101.0,116.5,25.76941016011038,0.0,0.0,0.0,0.0,0.0,158.73956658627992,484.4649110100751,3.143868039533466,6.184658438426491,24.738633753705965,16.492422502470642,118.53928673650775,7.4112823620477455,1.0307764064044151,1.0307764064044151,1.0307764064044151,7.215434844830906,1.0307764064044151,0.0,104.10841704684593,120.08545134611437,2019
Jordan Howard,PHI,RB,25,10,4,0,0,0,0,0,119,525,4.41,6,14,10,69,6.9,1,0.0,0,7,0.0,0.0,101.0,111.4,32.59601202601324,0.0,0.0,0.0,0.0,0.0,155.15701724382305,684.5162525462781,5.749936521388737,7.8230428862431785,18.253766734567417,13.038404810405298,89.96499319179655,8.996499319179655,1.3038404810405297,0.0,0.0,9.126883367283709,0.0,0.0,131.6878885850935,145.24782958791502,2019
Tyrell Williams,OAK,WR,27,14,12,0,0,0,0,0,0,0,0.0,0,64,42,651,15.5,6,0.0,0,6,0.0,0.0,101.0,143.1,29.75255091104435,0.0,0.0,0.0,0.0,0.0,0.0,0.0,0.0,0.0,70.5245651224755,46.28174586162454,717.3670608551804,17.080168115599534,6.611677980232077,0.0,0.0,6.611677980232077,0.0,0.0,111.29657933390664,157.68851982853502,2019
Marquise Brown,BAL,WR,22,14,11,0,0,0,0,0,0,0,0.0,0,71,46,584,12.7,7,0.0,0,7,0.0,0.0,100.0,146.4,24.24281926085095,0.0,0.0,0.0,0.0,0.0,0.0,0.0,0.0,0.0,78.23818943274625,50.68953118177926,643.5366567425889,13.99471839149123,7.713624310270757,0.0,0.0,7.713624310270757,0.0,0.0,110.19463300386795,161.32494271766268,2019
Randall Cobb,DAL,WR,29,15,6,0,1,0,0,0,3,11,3.67,0,83,55,828,15.05,3,2.0,1,3,0.0,0.0,100.0,154.9,30.87285755049787,0.0,1.0645812948447542,0.0,0.0,0.0,3.1937438845342623,11.710394243292296,3.9070133520802477,0.0,88.3602474721146,58.551971216461475,881.4733121314564,16.02194848741355,3.1937438845342623,2.1291625896895083,1.0645812948447542,3.1937438845342623,0.0,0.0,106.4581294844754,164.90364257145242,2019
Christian Kirk,ARI,WR,23,13,13,0,0,0,0,0,10,93,9.3,0,108,68,709,10.43,3,0.0,0,3,1.0,0.0,100.0,168.2,26.30150624525582,0.0,0.0,0.0,0.0,0.0,11.435437497937313,106.34956873081701,10.634956873081702,0.0,123.50272497772298,77.76097498597373,810.7725186037554,11.927161310348616,3.430631249381194,0.0,0.0,3.430631249381194,1.1435437497937313,0.0,114.35437497937312,192.34405871530558,2019
Royce Freeman,DEN,RB,23,16,0,0,0,0,0,0,132,496,3.76,3,50,43,256,5.95,1,0.0,0,4,0.0,0.0,99.0,142.2,23.707857347301548,0.0,0.0,0.0,0.0,0.0,136.0624856453828,511.26509757658994,3.875719288080601,3.0923292192132457,51.53882032022076,44.32338547538985,263.8787600395303,6.13311961810627,1.0307764064044151,0.0,0.0,4.123105625617661,0.0,0.0,102.0468642340371,146.57640499070783,2019
Mecole Hardman,KAN,WR,21,16,5,0,0,0,0,0,4,17,4.25,0,41,26,538,20.69,6,2.0,2,7,0.0,0.0,94.0,119.5,21.646304534492717,0.0,0.0,0.0,0.0,0.0,4.123105625617661,17.523198908875056,4.380799727218764,0.0,42.26183266258102,26.800186566514792,554.5577066455753,21.32676384850735,6.184658438426491,2.0615528128088303,2.0615528128088303,7.215434844830906,0.0,0.0,96.89298220201502,123.17778056532761,2019
Zach Pascal,IND,WR,25,16,13,0,1,0,0,0,2,16,8.0,0,72,41,607,14.8,5,0.0,0,5,1.0,0.0,94.0,135.3,25.76941016011038,0.0,1.0307764064044151,0.0,0.0,0.0,2.0615528128088303,16.492422502470642,8.246211251235321,0.0,74.21590126111789,42.26183266258102,625.68127868748,15.255490814785345,5.153882032022076,0.0,0.0,5.153882032022076,1.0307764064044151,0.0,96.89298220201502,139.46404778651737,2019
LeSean McCoy,KAN,RB,31,13,9,0,0,0,0,0,101,465,4.6,4,34,28,181,6.46,1,3.0,2,5,0.0,0.0,91.0,118.6,35.449856243605666,0.0,0.0,0.0,0.0,0.0,115.49791872916686,531.747843654085,5.260301249051164,4.574174999174925,38.880487492986866,32.01922499422447,206.98141871266535,7.387292623667504,1.1435437497937313,3.430631249381194,2.2870874995874626,5.7177187489686565,0.0,0.0,104.06248123122954,135.62428872553653,2019
Dede Westbrook,JAX,WR,26,15,11,0,0,0,0,0,5,27,5.4,0,101,66,660,10.0,3,1.0,0,3,2.0,0.0,91.0,156.7,27.679113665963605,0.0,0.0,0.0,0.0,0.0,5.32290647422377,28.743694960808362,5.748738992161672,0.0,107.52271077932016,70.26236545975377,702.6236545975377,10.64581294844754,3.1937438845342623,1.0645812948447542,0.0,3.1937438845342623,2.1291625896895083,0.0,96.87689783087262,166.81988890217295,2019
Teddy Bridgewater,NOR,QB,27,9,5,133,196,1384,9,2,28,31,1.11,0,0,0,0,0.0,0,1.0,0,0,0.0,0.0,90.0,90.5,37.107950630558946,182.79101606904962,269.3762342070205,1902.126061951614,12.369316876852983,2.748737083745107,38.4823191724315,42.60542479804916,1.5255490814785346,0.0,0.0,0.0,0.0,0.0,0.0,1.3743685418725535,0.0,0.0,0.0,0.0,123.69316876852982,124.3803530394661,2019
James Washington,PIT,WR,23,15,10,0,0,0,0,0,0,0,0.0,0,80,44,735,16.7,3,1.0,1,3,0.0,0.0,90.0,133.5,24.485369781429345,0.0,0.0,0.0,0.0,0.0,0.0,0.0,0.0,0.0,85.16650358758032,46.84157697316918,782.4672517108943,17.778507623907394,3.1937438845342623,1.0645812948447542,1.0645812948447542,3.1937438845342623,0.0,0.0,95.81231653602786,142.12160286177468,2019
Sammy Watkins,KAN,WR,26,14,13,0,0,0,0,0,2,12,6.0,0,90,52,673,12.94,3,2.0,1,3,1.0,0.0,87.0,138.5,28.650604581005666,0.0,0.0,0.0,0.0,0.0,2.203892660077359,13.223355960464154,6.611677980232077,0.0,99.17516970348116,57.30120916201133,741.6098801160314,14.259185510700513,3.3058389901160385,2.203892660077359,1.1019463300386796,3.3058389901160385,1.1019463300386796,0.0,95.86933071336512,152.6195667103571,2019
Gus Edwards,BAL,RB,24,16,1,0,0,0,0,0,133,711,5.35,2,7,7,45,6.43,0,2.0,1,2,0.0,0.0,86.0,92.6,24.738633753705965,0.0,0.0,0.0,0.0,0.0,137.0932620517872,732.8820249535391,5.51465377426362,2.0615528128088303,7.215434844830906,7.215434844830906,46.38493828819868,6.627892293180389,0.0,2.0615528128088303,1.0307764064044151,2.0615528128088303,0.0,0.0,88.6467709507797,95.44989523304884,2019
DeAndre Washington,OAK,RB,26,16,3,0,0,0,0,0,108,387,3.58,3,41,36,292,8.11,0,0.0,0,3,0.0,0.0,86.0,121.9,26.800186566514792,0.0,0.0,0.0,0.0,0.0,111.32385189167684,398.9104692785087,3.690179534927806,3.0923292192132457,42.26183266258102,37.107950630558946,300.9867106700892,8.359596655939807,0.0,0.0,0.0,3.0923292192132457,0.0,0.0,88.6467709507797,125.65164394069821,2019
Tarik Cohen,CHI,RB,24,16,11,0,0,0,0,0,64,213,3.33,0,104,79,456,5.77,3,3.0,0,3,0.0,0.0,85.0,163.9,24.738633753705965,0.0,0.0,0.0,0.0,0.0,65.96969000988257,219.55537456414044,3.4324854333267028,0.0,107.20074626605917,81.4313361059488,470.03404132041334,5.947579864953475,3.0923292192132457,3.0923292192132457,0.0,3.0923292192132457,0.0,0.0,87.61599454437528,168.94425300968365,2019
Joe Flacco,DEN,QB,34,8,8,171,262,1822,6,5,12,20,1.67,0,0,0,0,0.0,0,8.0,3,0,0.0,1.0,85.0,84.9,49.56309110618505,249.2731935046366,381.92734911236715,2655.9985881020343,8.74642784226795,7.2886898685566255,17.4928556845359,29.154759474226502,2.4344224160979127,0.0,0.0,0.0,0.0,0.0,0.0,11.6619037896906,4.373213921133975,0.0,0.0,1.457737973711325,123.90772776546262,123.7619539680915,2019
Will Fuller,HOU,WR,25,11,11,0,0,0,0,0,0,0,0.0,0,71,49,670,13.67,3,1.0,0,3,0.0,0.0,85.0,134.0,31.079078025403053,0.0,0.0,0.0,0.0,0.0,0.0,0.0,0.0,0.0,88.26458159214467,60.91499292978998,832.9192910808018,16.99403986429039,3.729489363048366,1.243163121016122,0.0,3.729489363048366,0.0,0.0,105.66886528637038,166.58385821616037,2019
Marcus Mariota,TEN,QB,26,7,6,95,160,1203,7,2,24,129,5.38,0,0,0,0,0.0,0,3.0,0,0,0.0,0.0,85.0,85.0,40.51807356864694,148.04680727005615,249.3419911916735,1874.740096272395,10.908712114635716,3.1167748898959187,37.401298678751026,201.03198039828675,8.384124453820021,0.0,0.0,0.0,0.0,0.0,0.0,4.675162334843878,0.0,0.0,0.0,0.0,132.46293282057655,132.46293282057655,2019
Hunter Renfrow,OAK,WR,24,13,4,0,0,0,0,0,0,0,0.0,0,71,49,605,12.35,4,1.0,0,4,0.0,0.0,85.0,133.5,27.44504999504955,0.0,0.0,0.0,0.0,0.0,0.0,0.0,0.0,0.0,81.19160623535493,56.03364373989283,691.8439686252074,14.12276530995258,4.574174999174925,1.1435437497937313,0.0,4.574174999174925,0.0,0.0,97.20121873246715,152.6630905974631,2019
Sterling Shepard,NYG,WR,26,10,10,0,0,0,0,0,6,72,12.0,0,83,57,576,10.11,3,0.0,0,3,1.0,0.0,85.0,141.8,33.89985250705377,0.0,0.0,0.0,0.0,0.0,7.8230428862431785,93.87651463491814,15.646085772486357,0.0,108.21875992636397,74.3189074193102,751.0121170793451,13.181827263319756,3.9115214431215892,0.0,0.0,3.9115214431215892,1.3038404810405297,0.0,110.82644088844503,184.88458021154713,2019
Matt Breida,SFO,RB,24,13,5,0,0,0,0,0,123,623,5.07,1,22,19,120,6.32,1,2.0,1,2,0.0,0.0,84.0,103.3,27.44504999504955,0.0,0.0,0.0,0.0,0.0,140.65588122462896,712.4277561214946,5.797766811454218,1.1435437497937313,25.157962495462087,21.727331246080894,137.22524997524775,7.227196498696382,1.1435437497937313,2.2870874995874626,1.1435437497937313,2.2870874995874626,0.0,0.0,96.05767498267342,118.12806935369244,2019
Adam Thielen,MIN,WR,29,10,10,0,0,0,0,0,4,6,1.5,1,48,30,418,13.93,6,0.0,0,7,0.0,0.0,84.0,114.4,37.811373950175366,0.0,0.0,0.0,0.0,0.0,5.215361924162119,7.8230428862431785,1.9557607215607946,1.3038404810405297,62.58434308994543,39.1152144312159,545.0053210749414,18.16249790089458,7.8230428862431785,0.0,0.0,9.126883367283709,0.0,0.0,109.5226004074045,149.1593510310366,2019
Taysom Hill,NOR,QB,29,16,5,3,6,55,0,0,27,156,5.78,1,22,19,234,12.32,6,0.0,0,7,0.0,0.0,83.0,102.2,29.89251578572804,3.0923292192132457,6.184658438426491,56.69270235224283,0.0,0.0,27.83096297291921,160.80111939908878,5.95788762901752,1.0307764064044151,22.677080940897135,19.584751721683887,241.20167909863315,12.699165326902396,6.184658438426491,0.0,0.0,7.215434844830906,0.0,0.0,85.55444173156646,105.34534873453123,2019
Frank Gore,BUF,RB,36,16,8,0,0,0,0,0,166,599,3.61,2,16,13,100,7.69,0,0.0,0,2,0.0,0.0,82.0,94.9,37.107950630558946,0.0,0.0,0.0,0.0,0.0,171.1088834631329,617.4350674362447,3.7211028271199384,2.0615528128088303,16.492422502470642,13.400093283257396,103.07764064044152,7.926670565249953,0.0,0.0,0.0,2.0615528128088303,0.0,0.0,84.52366532516204,97.820680967779,2019
T.Y. Hilton,IND,WR,30,10,10,0,0,0,0,0,0,0,0.0,0,68,45,501,11.13,5,0.0,0,5,0.0,0.0,80.0,125.1,39.1152144312159,0.0,0.0,0.0,0.0,0.0,0.0,0.0,0.0,0.0,88.66115271075603,58.67282164682384,653.2240810013054,14.511744553981098,6.519202405202649,0.0,0.0,6.519202405202649,0.0,0.0,104.30723848324239,163.11044417817027,2019
Kenny Stills,HOU,WR,27,13,5,0,0,0,0,0,0,0,0.0,0,55,40,561,14.03,4,0.0,0,4,0.0,0.0,80.0,120.1,30.875681244430744,0.0,0.0,0.0,0.0,0.0,0.0,0.0,0.0,0.0,62.89490623865522,45.74174999174925,641.5280436342832,16.043918809606048,4.574174999174925,0.0,0.0,4.574174999174925,0.0,0.0,91.4834999834985,137.33960435022712,2019
Danny Amendola,DET,WR,34,15,10,1,1,19,1,0,0,0,0.0,0,97,62,678,10.94,1,0.0,0,1,0.0,0.0,79.0,140.6,36.19576402472164,1.0645812948447542,1.0645812948447542,20.227044602050327,1.0645812948447542,0.0,0.0,0.0,0.0,0.0,103.26438559994115,66.00404028037475,721.7861179047433,11.646519365601609,1.0645812948447542,0.0,0.0,1.0645812948447542,0.0,0.0,84.10192229273558,149.6801300551724,2019
Alshon Jeffery,PHI,WR,29,10,10,0,0,0,0,0,1,2,2.0,1,73,43,490,11.4,4,0.0,0,5,0.0,0.0,79.0,122.2,37.811373950175366,0.0,0.0,0.0,0.0,0.0,1.3038404810405297,2.6076809620810595,2.6076809620810595,1.3038404810405297,95.18035511595868,56.06514068474278,638.8818357098596,14.86378148386204,5.215361924162119,0.0,0.0,6.519202405202649,0.0,0.0,103.00339800220185,159.32930678315273,2019
Dwayne Haskins,WAS,QB,22,9,7,119,203,1365,7,7,20,101,5.05,0,0,0,0,0.0,0,6.0,2,0,0.0,1.0,77.0,76.7,30.23610792119618,163.54985648283386,278.9968140001284,1876.0130596560357,9.620579793107876,9.620579793107876,27.48737083745107,138.8112227291279,6.940561136456395,0.0,0.0,0.0,0.0,0.0,0.0,8.246211251235321,2.748737083745107,0.0,0.0,1.3743685418725535,105.82637772418663,105.41406716162486,2019
Jason Witten,DAL,TE,37,16,16,0,0,0,0,0,0,0,0.0,0,83,63,529,8.4,4,1.0,1,4,1.0,0.0,77.0,139.9,38.13872703696336,0.0,0.0,0.0,0.0,0.0,0.0,0.0,0.0,0.0,85.55444173156646,64.93891360347816,545.2807189879356,8.658521813797087,4.123105625617661,1.0307764064044151,1.0307764064044151,4.123105625617661,1.0307764064044151,0.0,79.36978329313996,144.2056192559777,2019
Brandin Cooks,LAR,WR,26,14,14,0,0,0,0,0,6,52,8.67,0,72,42,583,13.88,2,0.0,0,2,0.0,0.0,76.0,117.5,28.650604581005666,0.0,0.0,0.0,0.0,0.0,6.611677980232077,57.30120916201133,9.553874681435351,0.0,79.34013576278493,46.28174586162454,642.4347104125502,15.295015060936873,2.203892660077359,0.0,0.0,2.203892660077359,0.0,0.0,83.74792108293964,129.47869377954484,2019
Darren Fells,HOU,TE,33,16,14,0,0,0,0,0,0,0,0.0,0,48,34,341,10.03,7,0.0,0,7,0.0,0.0,76.0,110.1,34.0156214113457,0.0,0.0,0.0,0.0,0.0,0.0,0.0,0.0,0.0,49.47726750741193,35.04639781775011,351.49475458390555,10.338687356236283,7.215434844830906,0.0,0.0,7.215434844830906,0.0,0.0,78.33900688673555,113.4884823451261,2019
Anthony Miller,CHI,WR,25,16,7,0,0,0,0,0,1,-1,-1.0,0,85,52,656,12.62,2,1.0,1,2,0.0,0.0,76.0,127.5,25.76941016011038,0.0,0.0,0.0,0.0,0.0,1.0307764064044151,-1.0307764064044151,-1.0307764064044151,0.0,87.61599454437528,53.600373133029585,676.1893226012963,13.008398248823719,2.0615528128088303,1.0307764064044151,1.0307764064044151,2.0615528128088303,0.0,0.0,78.33900688673555,131.42399181656293,2019
Steven Sims,WAS,WR,22,16,2,0,1,0,0,0,9,85,9.44,1,56,34,310,9.12,4,1.0,0,6,0.0,0.0,76.0,109.5,22.677080940897135,0.0,1.0307764064044151,0.0,0.0,0.0,9.276987657639737,87.61599454437528,9.730529276457679,1.0307764064044151,57.723478758647246,35.04639781775011,319.5406859853687,9.400680826408266,4.123105625617661,1.0307764064044151,0.0,6.184658438426491,0.0,0.0,78.33900688673555,112.87001650128346,2019
Kerryon Johnson,DET,RB,22,8,7,0,0,0,0,0,113,403,3.57,3,15,10,127,12.7,1,1.0,1,4,0.0,0.0,75.0,85.0,32.07023542164915,0.0,0.0,0.0,0.0,0.0,164.72439102937972,587.4684034056639,5.20412456614943,4.373213921133975,21.866069605669875,14.577379737113251,185.13272266133828,18.51327226613383,1.457737973711325,1.457737973711325,1.457737973711325,5.8309518948453,0.0,0.0,109.33034802834938,123.90772776546262,2019
Kyle Rudolph,MIN,TE,30,16,16,0,0,0,0,0,0,0,0.0,0,48,39,367,9.41,6,0.0,0,6,1.0,0.0,75.0,113.7,30.923292192132454,0.0,0.0,0.0,0.0,0.0,0.0,0.0,0.0,0.0,49.47726750741193,40.200279849772194,378.29494115042036,9.699605984265547,6.184658438426491,0.0,0.0,6.184658438426491,1.0307764064044151,0.0,77.30823048033113,117.19927740818201,2019
Rex Burkhead,NWE,RB,29,13,1,0,0,0,0,0,65,302,4.65,3,38,27,279,10.33,0,1.0,1,3,0.0,0.0,74.0,101.1,33.16276874401821,0.0,0.0,0.0,0.0,0.0,74.33034373659252,345.35021243770683,5.317478436540851,3.430631249381194,43.45466249216179,30.875681244430744,319.048706192451,11.812806935369244,0.0,1.1435437497937313,1.1435437497937313,3.430631249381194,0.0,0.0,84.62223748473612,115.61227310414623,2019
Nyheim Hines,IND,RB,23,16,2,0,0,0,0,0,52,199,3.83,2,58,44,320,7.27,0,1.0,1,4,0.0,0.0,74.0,117.9,23.707857347301548,0.0,0.0,0.0,0.0,0.0,53.600373133029585,205.12450487447862,3.94787363652891,2.0615528128088303,59.78503157145608,45.35416188179427,329.84845004941286,7.493744474560097,0.0,1.0307764064044151,1.0307764064044151,4.123105625617661,0.0,0.0,76.27745407392672,121.52853831508055,2019
Tony Pollard,DAL,RB,22,15,0,0,0,0,0,0,86,455,5.29,2,20,15,107,7.13,1,1.0,1,3,1.0,0.0,74.0,89.2,23.42078848658459,0.0,0.0,0.0,0.0,0.0,91.55399135664885,484.3844891543631,5.631635049728749,2.1291625896895083,21.29162589689508,15.968719422671311,113.91019854838869,7.590464632243097,1.0645812948447542,1.0645812948447542,1.0645812948447542,3.1937438845342623,1.0645812948447542,0.0,78.77901581851181,94.96065150015207,2019
Boston Scott,PHI,RB,24,11,2,0,0,0,0,0,61,245,4.02,5,26,24,204,8.5,0,4.0,1,5,0.0,0.0,73.0,96.9,29.83591490438693,0.0,0.0,0.0,0.0,0.0,75.83295038198345,304.5749646489499,4.99751574648481,6.215815605080611,32.322241146419174,29.83591490438693,253.6052766872889,10.566886528637038,0.0,4.972652484064488,1.243163121016122,6.215815605080611,0.0,0.0,90.75090783417691,120.46250642646224,2019
Corey Davis,TEN,WR,24,15,11,0,0,0,0,0,0,0,0.0,0,69,43,601,13.98,2,1.0,0,2,0.0,0.0,72.0,115.1,25.5499510762741,0.0,0.0,0.0,0.0,0.0,0.0,0.0,0.0,0.0,73.45610934428804,45.776995678324425,639.8133582016973,14.882846501929663,2.1291625896895083,1.0645812948447542,0.0,2.1291625896895083,0.0,0.0,76.6498532288223,122.53330703663119,2019
Phillip Dorsett,NWE,WR,26,14,4,0,0,0,0,0,3,21,7.0,0,54,29,397,13.69,5,0.0,0,5,0.0,0.0,72.0,100.8,28.650604581005666,0.0,0.0,0.0,0.0,0.0,3.3058389901160385,23.14087293081227,7.713624310270757,0.0,59.5051018220887,31.956443571121707,437.4726930253558,15.085645258229523,5.509731650193397,0.0,0.0,5.509731650193397,0.0,0.0,79.34013576278493,111.07619006789889,2019
Greg Olsen,CAR,TE,34,14,14,0,0,0,0,0,0,0,0.0,0,82,52,597,11.48,2,0.0,0,2,0.0,0.0,72.0,123.7,37.466175221315105,0.0,0.0,0.0,0.0,0.0,0.0,0.0,0.0,0.0,90.35959906317173,57.30120916201133,657.8619590330917,12.650343868844041,2.203892660077359,0.0,0.0,2.203892660077359,0.0,0.0,79.34013576278493,136.31076102578467,2019
Chase Edmonds,ARI,RB,23,13,2,0,0,0,0,0,60,303,5.05,4,21,12,105,8.75,1,0.0,0,5,0.0,0.0,71.0,82.8,26.30150624525582,0.0,0.0,0.0,0.0,0.0,68.61262498762387,346.4937561875006,5.774895936458343,4.574174999174925,24.014418745668355,13.722524997524776,120.07209372834178,10.006007810695149,1.1435437497937313,0.0,0.0,5.7177187489686565,0.0,0.0,81.19160623535493,94.68542248292094,2019
Noah Fant,DEN,TE,22,16,11,0,0,0,0,0,3,-12,-4.0,0,66,40,562,14.05,3,1.0,1,3,0.0,0.0,71.0,111.0,22.677080940897135,0.0,0.0,0.0,0.0,0.0,3.0923292192132457,-12.369316876852983,-4.123105625617661,0.0,68.0312428226914,41.23105625617661,579.2963403992813,14.482408509982033,3.0923292192132457,1.0307764064044151,1.0307764064044151,3.0923292192132457,0.0,0.0,73.18512485471348,114.41618111089008,2019
JuJu Smith-Schuster,PIT,WR,23,12,12,0,0,0,0,0,0,0,0.0,0,70,42,552,13.14,3,1.0,1,3,0.0,0.0,71.0,113.2,27.375475642747592,0.0,0.0,0.0,0.0,0.0,0.0,0.0,0.0,0.0,83.31666499966659,49.98999899979995,657.0114154259422,15.639728258508843,3.570714214271425,1.1902380714238083,1.1902380714238083,3.570714214271425,0.0,0.0,84.50690307109039,134.7349496851751,2019
Jonnu Smith,TEN,TE,24,16,14,0,0,0,0,0,4,78,19.5,0,44,35,439,12.54,3,0.0,0,3,0.0,0.0,70.0,104.7,24.738633753705965,0.0,0.0,0.0,0.0,0.0,4.123105625617661,80.40055969954439,20.100139924886097,0.0,45.35416188179427,36.07717422415453,452.51084241153825,12.925936136311366,3.0923292192132457,0.0,0.0,3.0923292192132457,0.0,0.0,72.15434844830907,107.92228975054228,2019
Jack Doyle,IND,TE,29,16,16,0,0,0,0,0,0,0,0.0,0,72,43,448,10.42,4,1.0,0,4,0.0,0.0,69.0,111.8,29.89251578572804,0.0,0.0,0.0,0.0,0.0,0.0,0.0,0.0,0.0,74.21590126111789,44.32338547538985,461.78783006917797,10.740690154734006,4.123105625617661,1.0307764064044151,0.0,4.123105625617661,0.0,0.0,71.12357204190465,115.24080223601361,2019
Demarcus Robinson,KAN,WR,25,16,10,0,0,0,0,0,0,0,0.0,0,55,32,449,14.03,4,0.0,0,4,0.0,0.0,69.0,100.9,25.76941016011038,0.0,0.0,0.0,0.0,0.0,0.0,0.0,0.0,0.0,56.69270235224283,32.984845004941285,462.8186064755824,14.461792981853945,4.123105625617661,0.0,0.0,4.123105625617661,0.0,0.0,71.12357204190465,104.0053394062055,2019
Kendrick Bourne,SFO,WR,24,16,0,0,0,0,0,0,0,0,0.0,0,44,30,358,11.93,5,0.0,0,5,1.0,0.0,68.0,97.8,24.738633753705965,0.0,0.0,0.0,0.0,0.0,0.0,0.0,0.0,0.0,45.35416188179427,30.923292192132454,369.01795349278063,12.297162528404673,5.153882032022076,0.0,0.0,5.153882032022076,1.0307764064044151,0.0,70.09279563550022,100.8099325463518,2019
Allen Lazard,GNB,WR,24,16,3,0,0,0,0,0,1,21,21.0,0,52,35,477,13.63,3,0.0,0,3,0.0,0.0,68.0,102.8,24.738633753705965,0.0,0.0,0.0,0.0,0.0,1.0307764064044151,21.646304534492717,21.646304534492717,0.0,53.600373133029585,36.07717422415453,491.680345854906,14.049482419292179,3.0923292192132457,0.0,0.0,3.0923292192132457,0.0,0.0,70.09279563550022,105.96381457837387,2019
Drew Lock,DEN,QB,23,5,5,100,156,1020,7,3,18,72,4.0,0,0,0,0,0.0,0,3.0,1,0,0.0,0.0,68.0,68.0,42.40990450354728,184.39088914585776,287.6497870675381,1880.787069287749,12.907362240210043,5.531726674375733,33.1903600462544,132.7614401850176,7.37563556583431,0.0,0.0,0.0,0.0,0.0,0.0,5.531726674375733,1.8439088914585775,0.0,0.0,0.0,125.38580461918328,125.38580461918328,2019
Rashaad Penny,SEA,RB,23,10,0,0,0,0,0,0,65,370,5.69,3,11,8,83,10.38,1,1.0,1,4,0.0,0.0,67.0,75.3,29.988331063932186,0.0,0.0,0.0,0.0,0.0,84.74963126763444,482.420977984996,7.418852337120615,3.9115214431215892,14.342245291445828,10.430723848324238,108.21875992636397,13.533864193200701,1.3038404810405297,1.3038404810405297,1.3038404810405297,5.215361924162119,0.0,0.0,87.35731222971549,98.17918822235188,2019
John Ross,CIN,WR,24,8,8,0,0,0,0,0,3,4,1.33,0,56,28,506,18.07,3,1.0,1,3,0.0,0.0,67.0,95.0,34.9857113690718,0.0,0.0,0.0,0.0,0.0,4.373213921133975,5.8309518948453,1.9387915050360625,0.0,81.6333265278342,40.8166632639171,737.6154146979304,26.341325184963644,4.373213921133975,1.457737973711325,1.457737973711325,4.373213921133975,0.0,0.0,97.66844423865878,138.4851075025759,2019
Evan Engram,NYG,TE,25,8,6,0,0,0,0,0,3,7,2.33,0,68,44,467,10.61,3,0.0,0,3,0.0,0.0,65.0,109.4,36.443449342783126,0.0,0.0,0.0,0.0,0.0,4.373213921133975,10.204165815979275,3.3965294787473876,0.0,99.1261822123701,64.1404708432983,680.7636337231888,15.466599901077158,4.373213921133975,0.0,0.0,4.373213921133975,0.0,0.0,94.75296829123613,159.47653432401896,2019
Mohamed Sanu,2TM,WR,30,15,12,0,0,0,0,0,3,11,3.67,0,89,59,520,8.81,2,0.0,0,2,0.0,0.0,65.0,124.1,31.937438845342623,0.0,0.0,0.0,0.0,0.0,3.1937438845342623,11.710394243292296,3.9070133520802477,0.0,94.74773524118312,62.810296395840496,553.5822733192722,9.378961207582284,2.1291625896895083,0.0,0.0,2.1291625896895083,0.0,0.0,69.19778416490902,132.11453869023399,2019
Tyler Eifert,CIN,TE,29,16,4,0,0,0,0,0,0,0,0.0,0,63,43,436,10.14,3,0.0,0,3,1.0,0.0,64.0,106.6,29.89251578572804,0.0,0.0,0.0,0.0,0.0,0.0,0.0,0.0,0.0,64.93891360347816,44.32338547538985,449.418513192325,10.452072760940771,3.0923292192132457,0.0,0.0,3.0923292192132457,1.0307764064044151,0.0,65.96969000988257,109.88076492271065,2019
Ryan Griffin,NYJ,TE,29,13,13,0,0,0,0,0,0,0,0.0,0,41,34,320,9.41,5,0.0,0,5,1.0,0.0,64.0,98.0,33.16276874401821,0.0,0.0,0.0,0.0,0.0,0.0,0.0,0.0,0.0,46.88529374154298,38.880487492986866,365.933999933994,10.760746685559011,5.7177187489686565,0.0,0.0,5.7177187489686565,1.1435437497937313,0.0,73.1867999867988,112.06728747978566,2019
Kareem Hunt,CLE,RB,24,8,3,0,0,0,0,0,43,179,4.16,2,44,37,285,7.7,1,1.0,0,3,0.0,0.0,64.0,101.4,34.9857113690718,0.0,0.0,0.0,0.0,0.0,62.68273286958698,260.9350972943272,6.064189970639112,2.91547594742265,64.1404708432983,53.93630502731903,415.45532250772766,11.224582397577203,1.457737973711325,1.457737973711325,0.0,4.373213921133975,0.0,0.0,93.2952303175248,147.81463053432836,2019
Willie Snead,BAL,WR,27,16,11,0,0,0,0,0,2,2,1.0,0,46,31,339,10.94,5,0.0,0,5,0.0,0.0,64.0,95.1,27.83096297291921,0.0,0.0,0.0,0.0,0.0,2.0615528128088303,2.0615528128088303,1.0307764064044151,0.0,47.415714694603096,31.95406859853687,349.4332017710967,11.276693886064301,5.153882032022076,0.0,0.0,5.153882032022076,0.0,0.0,65.96969000988257,98.02683624905987,2019
Jimmy Graham,GNB,TE,33,16,10,0,0,0,0,0,0,0,0.0,0,60,38,447,11.76,3,1.0,0,3,0.0,0.0,63.0,100.7,34.0156214113457,0.0,0.0,0.0,0.0,0.0,0.0,0.0,0.0,0.0,61.84658438426491,39.16950344336777,460.75705366277356,12.121930539315922,3.0923292192132457,1.0307764064044151,0.0,3.0923292192132457,0.0,0.0,64.93891360347816,103.79918412492461,2019
Auden Tate,CIN,WR,22,12,10,0,0,0,0,0,0,0,0.0,0,80,40,575,14.38,1,1.0,1,1,0.0,0.0,62.0,101.5,26.185237571323785,0.0,0.0,0.0,0.0,0.0,0.0,0.0,0.0,0.0,95.21904571390466,47.60952285695233,684.3868910686898,17.115623467074364,1.1902380714238083,1.1902380714238083,1.1902380714238083,1.1902380714238083,0.0,0.0,73.79476042827612,120.80916424951654,2019
Taylor Gabriel,CHI,WR,28,9,7,0,0,0,0,0,3,20,6.67,0,48,29,353,12.17,4,0.0,0,4,0.0,0.0,61.0,90.3,38.4823191724315,0.0,0.0,0.0,0.0,0.0,4.123105625617661,27.48737083745107,9.167038174289932,0.0,65.96969000988257,39.85668771430405,485.1520952810114,16.726065154588976,5.497474167490214,0.0,0.0,5.497474167490214,0.0,0.0,83.83648105422577,124.10547933109159,2019
Preston Williams,MIA,WR,22,8,7,0,0,0,0,0,0,0,0.0,0,60,32,428,13.38,3,2.0,1,3,0.0,0.0,59.0,90.8,32.07023542164915,0.0,0.0,0.0,0.0,0.0,0.0,0.0,0.0,0.0,87.4642784226795,46.6476151587624,623.9118527484471,19.50453408825753,4.373213921133975,2.91547594742265,1.457737973711325,4.373213921133975,0.0,0.0,86.00654044896818,132.36260801298832,2019
Alexander Mattison,MIN,RB,21,13,0,0,0,0,0,0,100,462,4.62,1,12,10,82,8.2,0,1.0,1,1,0.0,0.0,58.0,68.4,24.014418745668355,0.0,0.0,0.0,0.0,0.0,114.35437497937312,528.3172124047038,5.283172124047039,1.1435437497937313,13.722524997524776,11.435437497937313,93.77058748308596,9.377058748308595,0.0,1.1435437497937313,1.1435437497937313,1.1435437497937313,0.0,0.0,66.32553748803642,78.21839248589123,2019
Marquez Valdes-Scantling,GNB,WR,25,16,10,0,0,0,0,0,2,9,4.5,0,56,26,452,17.38,2,0.0,0,2,0.0,0.0,58.0,84.1,25.76941016011038,0.0,0.0,0.0,0.0,0.0,2.0615528128088303,9.276987657639737,4.638493828819868,0.0,57.723478758647246,26.800186566514792,465.9109356947956,17.914893943308734,2.0615528128088303,0.0,0.0,2.0615528128088303,0.0,0.0,59.78503157145608,86.6882957786113,2019
Malcolm Brown,LAR,RB,26,14,1,0,0,0,0,0,69,255,3.7,5,6,2,16,8.0,0,0.0,0,5,0.0,0.0,57.0,59.1,28.650604581005666,0.0,0.0,0.0,0.0,0.0,76.03429677266888,280.9963141598633,4.077201421143115,5.509731650193397,6.611677980232077,2.203892660077359,17.631141280618873,8.815570640309437,0.0,0.0,0.0,5.509731650193397,0.0,0.0,62.810940812204734,65.12502810528596,2019
Brian Hill,ATL,RB,24,12,2,0,0,0,0,0,78,323,4.14,2,14,10,69,6.9,1,0.0,0,3,0.0,0.0,57.0,67.2,28.5657137141714,0.0,0.0,0.0,0.0,0.0,92.83856957105705,384.4468970698901,4.927585615694566,2.3804761428476167,16.663332999933317,11.902380714238083,82.12642692824278,8.212642692824279,1.1902380714238083,0.0,0.0,3.570714214271425,0.0,0.0,67.84357007115707,79.98399839967992,2019
Jaylen Samuels,PIT,RB,23,14,4,4,5,35,0,1,66,175,2.65,1,57,47,305,6.49,1,1.0,1,2,0.0,0.0,57.0,104.4,25.34476559088963,4.407785320154718,5.509731650193397,38.568121551353784,0.0,1.1019463300386796,72.72845778255285,192.84060775676892,2.9201577746025005,1.1019463300386796,62.810940812204734,51.79147751181794,336.09363066179725,7.151631681951031,1.1019463300386796,1.1019463300386796,1.1019463300386796,2.203892660077359,0.0,0.0,62.810940812204734,115.04319685603815,2019
Tajae Sharpe,TEN,WR,25,15,6,0,0,0,0,0,0,0,0.0,0,35,25,329,13.16,4,0.0,0,4,0.0,0.0,57.0,81.9,26.61453237111885,0.0,0.0,0.0,0.0,0.0,0.0,0.0,0.0,0.0,37.26034531956639,26.61453237111885,350.2472460039241,14.009889840156964,4.258325179379017,0.0,0.0,4.258325179379017,0.0,0.0,60.68113380615098,87.18920804778537,2019
Eric Ebron,IND,TE,26,11,2,0,0,0,0,0,0,0,0.0,0,52,31,375,12.1,3,0.0,0,3,0.0,0.0,56.0,86.5,32.322241146419174,0.0,0.0,0.0,0.0,0.0,0.0,0.0,0.0,0.0,64.64448229283835,38.53805675149978,466.18617038104577,15.042273764295077,3.729489363048366,0.0,0.0,3.729489363048366,0.0,0.0,69.61713477690283,107.53360996789456,2019
Ted Ginn Jr.,NOR,WR,34,16,9,0,0,0,0,0,3,18,6.0,0,56,30,421,14.03,2,0.0,0,2,0.0,0.0,56.0,85.9,35.04639781775011,0.0,0.0,0.0,0.0,0.0,3.0923292192132457,18.553975315279473,6.184658438426491,0.0,57.723478758647246,30.923292192132454,433.9568670962588,14.461792981853945,2.0615528128088303,0.0,0.0,2.0615528128088303,0.0,0.0,57.723478758647246,88.54369331013926,2019
Nelson Agholor,PHI,WR,26,11,10,0,0,0,0,0,2,7,3.5,0,69,39,363,9.31,3,2.0,1,3,1.0,0.0,55.0,94.0,32.322241146419174,0.0,0.0,0.0,0.0,0.0,2.486326242032244,8.702141847112854,4.351070923556427,0.0,85.77825535011242,48.48336171962876,451.26821292885234,11.573848656660097,3.729489363048366,2.486326242032244,1.243163121016122,3.729489363048366,1.243163121016122,0.0,68.37397165588672,116.85733337551548,2019
Cameron Brate,TAM,TE,28,16,6,0,0,0,0,0,0,0,0.0,0,55,36,311,8.64,4,0.0,0,4,0.0,0.0,55.0,91.1,28.861739379323623,0.0,0.0,0.0,0.0,0.0,0.0,0.0,0.0,0.0,56.69270235224283,37.107950630558946,320.57146239177314,8.905908151334147,4.123105625617661,0.0,0.0,4.123105625617661,0.0,0.0,56.69270235224283,93.90373062344221,2019
Keelan Cole,JAX,WR,26,16,1,0,0,0,0,0,1,6,6.0,0,35,24,361,15.04,3,0.0,0,3,0.0,0.0,55.0,78.7,26.800186566514792,0.0,0.0,0.0,0.0,0.0,1.0307764064044151,6.184658438426491,6.184658438426491,0.0,36.07717422415453,24.738633753705965,372.1102827119939,15.502877152322403,3.0923292192132457,0.0,0.0,3.0923292192132457,0.0,0.0,56.69270235224283,81.12210318402748,2019
Blake Jarwin,DAL,TE,25,16,7,0,0,0,0,0,0,0,0.0,0,41,31,365,11.77,3,1.0,0,3,0.0,0.0,55.0,85.5,25.76941016011038,0.0,0.0,0.0,0.0,0.0,0.0,0.0,0.0,0.0,42.26183266258102,31.95406859853687,376.23338833761153,12.132238303379966,3.0923292192132457,1.0307764064044151,0.0,3.0923292192132457,0.0,0.0,56.69270235224283,88.13138274757749,2019
Benny Snell Jr.,PIT,RB,21,13,2,0,0,0,0,0,108,426,3.94,2,4,3,23,7.67,0,1.0,1,2,0.0,0.0,55.0,57.9,24.014418745668355,0.0,0.0,0.0,0.0,0.0,123.50272497772298,487.1496374121295,4.505562374187301,2.2870874995874626,4.574174999174925,3.430631249381194,26.30150624525582,8.770980560917918,0.0,1.1435437497937313,1.1435437497937313,2.2870874995874626,0.0,0.0,62.89490623865522,66.21118311305703,2019
Jordan Akins,HOU,TE,27,16,9,0,0,0,0,0,0,0,0.0,0,55,36,418,11.61,2,0.0,0,2,0.0,0.0,54.0,89.8,27.83096297291921,0.0,0.0,0.0,0.0,0.0,0.0,0.0,0.0,0.0,56.69270235224283,37.107950630558946,430.86453787704556,11.96731407835526,2.0615528128088303,0.0,0.0,2.0615528128088303,0.0,0.0,55.66192594583842,92.56372129511648,2019
David Blough,DET,QB,24,5,5,94,174,984,4,6,8,31,3.88,0,1,1,19,19.0,1,1.0,0,1,0.0,0.0,54.0,55.4,44.253813395005864,173.3274357971063,320.8401471137925,1814.4063491952402,7.37563556583431,11.063453348751466,14.75127113166862,57.161175635215905,7.1543664988592806,0.0,1.8439088914585775,1.8439088914585775,35.03426893771297,35.03426893771297,1.8439088914585775,1.8439088914585775,0.0,1.8439088914585775,0.0,0.0,99.5710801387632,102.15255258680519,2019
Alex Erickson,CIN,WR,27,16,6,1,1,26,0,0,5,33,6.6,0,78,43,529,12.3,0,4.0,2,0,0.0,0.0,53.0,96.2,27.83096297291921,1.0307764064044151,1.0307764064044151,26.800186566514792,0.0,0.0,5.153882032022076,34.0156214113457,6.80312428226914,0.0,80.40055969954439,44.32338547538985,545.2807189879356,12.678549798774307,0.0,4.123105625617661,2.0615528128088303,0.0,0.0,0.0,54.631149539434006,99.16069029610475,2019
Gerald Everett,LAR,TE,25,13,2,0,0,0,0,0,1,0,0.0,0,60,37,408,11.03,2,0.0,0,2,0.0,0.0,53.0,89.8,28.58859374484328,0.0,0.0,0.0,0.0,0.0,1.1435437497937313,0.0,0.0,0.0,68.61262498762387,42.31111874236806,466.56584991584236,12.613287560224855,2.2870874995874626,0.0,0.0,2.2870874995874626,0.0,0.0,60.60781873906776,102.69022873147706,2019
Jacob Hollister,SEA,TE,26,11,3,0,0,0,0,0,0,0,0.0,0,59,41,349,8.51,3,0.0,0,3,0.0,0.0,53.0,93.9,32.322241146419174,0.0,0.0,0.0,0.0,0.0,0.0,0.0,0.0,0.0,73.3466241399512,50.969687961661,433.8639292346266,10.5793181598472,3.729489363048366,0.0,0.0,3.729489363048366,0.0,0.0,65.88764541385447,116.73301706341387,2019
Tre'Quan Smith,NOR,WR,23,11,6,0,0,0,0,0,0,0,0.0,0,25,18,234,13.0,5,0.0,0,5,0.0,0.0,53.0,71.4,28.592751783370808,0.0,0.0,0.0,0.0,0.0,0.0,0.0,0.0,0.0,31.079078025403053,22.376936178290197,290.90017031777256,16.161120573209587,6.215815605080611,0.0,0.0,6.215815605080611,0.0,0.0,65.88764541385447,88.76184684055113,2019
Darrel Williams,KAN,RB,24,12,0,0,0,0,0,0,41,141,3.44,3,19,15,167,11.13,1,1.0,1,4,0.0,0.0,53.0,67.8,28.5657137141714,0.0,0.0,0.0,0.0,0.0,48.799760928376145,167.82356807075698,4.0944189656979,3.570714214271425,22.61452335705236,17.853571071357127,198.769757927776,13.247349734946988,1.1902380714238083,1.1902380714238083,1.1902380714238083,4.760952285695233,0.0,0.0,63.08261778546184,80.6981412425342,2019
Allen Hurns,MIA,WR,28,14,7,0,0,0,0,0,0,0,0.0,0,47,32,416,13.0,2,1.0,1,2,0.0,0.0,52.0,83.6,30.854497241083028,0.0,0.0,0.0,0.0,0.0,0.0,0.0,0.0,0.0,51.79147751181794,35.26228256123775,458.40967329609066,14.325302290502833,2.203892660077359,1.1019463300386796,1.1019463300386796,2.203892660077359,0.0,0.0,57.30120916201133,92.1227131912336,2019
Dawson Knox,BUF,TE,23,15,11,0,0,0,0,0,1,9,9.0,0,50,28,388,13.86,2,0.0,0,2,0.0,0.0,52.0,79.7,24.485369781429345,0.0,0.0,0.0,0.0,0.0,1.0645812948447542,9.581231653602787,9.581231653602787,0.0,53.2290647422377,29.808276255653116,413.0575423997646,14.755096746548292,2.1291625896895083,0.0,0.0,2.1291625896895083,0.0,0.0,55.35822733192721,84.84712919912691,2019
Chris Thompson,WAS,RB,29,11,0,0,0,0,0,0,37,138,3.73,0,58,42,378,9.0,0,1.0,0,0,0.0,0.0,52.0,93.6,36.05173050946754,0.0,0.0,0.0,0.0,0.0,45.99703547759652,171.55651070022483,4.636998441390135,0.0,72.10346101893508,52.212851082677126,469.9156597440941,11.188468089145099,0.0,1.243163121016122,0.0,0.0,0.0,0.0,64.64448229283835,116.36006812710902,2019
Will Dissly,SEA,TE,23,6,6,0,0,0,0,0,1,7,7.0,0,27,23,262,11.39,4,1.0,0,4,0.0,0.0,51.0,73.9,38.71476893038797,0.0,0.0,0.0,0.0,0.0,1.6832508230603465,11.782755761422424,11.782755761422424,0.0,45.447772222629354,38.71476893038797,441.0117156418107,19.172226874657348,6.733003292241386,1.6832508230603465,0.0,6.733003292241386,0.0,0.0,85.84579197607766,124.3922358241596,2019
Devlin Hodges,PIT,QB,23,8,6,100,160,1063,5,8,21,68,3.24,0,0,0,0,0.0,0,5.0,1,0,0.0,0.0,51.0,51.3,33.527973395360476,145.7737973711325,233.23807579381202,1549.5754660551386,7.2886898685566255,11.6619037896906,30.612497447937827,99.1261822123701,4.723071034824693,0.0,0.0,0.0,0.0,0.0,0.0,7.2886898685566255,1.457737973711325,0.0,0.0,0.0,74.34463665927758,74.78195805139097,2019
Russell Gage,ATL,WR,23,16,4,0,0,0,0,0,4,12,3.0,0,74,49,446,9.1,1,1.0,1,1,0.0,0.0,50.0,98.8,23.707857347301548,0.0,0.0,0.0,0.0,0.0,4.123105625617661,12.369316876852983,3.0923292192132457,0.0,76.27745407392672,50.508043913816344,459.72627725636914,9.380065298280178,1.0307764064044151,1.0307764064044151,1.0307764064044151,1.0307764064044151,0.0,0.0,51.53882032022076,101.84070895275622,2019
Derrius Guice,WAS,RB,22,5,1,0,0,0,0,0,42,245,5.83,2,9,7,79,11.29,1,0.0,0,3,0.0,0.0,50.0,57.4,40.565995612088706,0.0,0.0,0.0,0.0,0.0,77.44417344126026,451.7576784073515,10.749988837203507,3.687817782917155,16.5951800231272,12.907362240210043,145.66880242522763,20.817731384567338,1.8439088914585775,0.0,0.0,5.531726674375733,0.0,0.0,92.19544457292888,105.84037036972235,2019
O.J. Howard,TAM,TE,25,14,14,0,0,0,0,0,0,0,0.0,0,53,34,459,13.5,1,1.0,1,1,0.0,0.0,50.0,83.9,27.548658250966987,0.0,0.0,0.0,0.0,0.0,0.0,0.0,0.0,0.0,58.40315549205002,37.466175221315105,505.79336548775393,14.876275455522174,1.1019463300386796,1.1019463300386796,1.1019463300386796,1.1019463300386796,0.0,0.0,55.097316501933975,92.45329709024521,2019
Adam Humphries,TEN,WR,26,12,3,0,0,0,0,0,1,1,1.0,0,47,37,374,10.11,2,1.0,0,2,0.0,0.0,50.0,86.5,30.946189857019018,0.0,0.0,0.0,0.0,0.0,1.1902380714238083,1.1902380714238083,1.1902380714238083,0.0,55.94118935691899,44.03880864268091,445.1490387125043,12.033306902094703,2.3804761428476167,1.1902380714238083,0.0,2.3804761428476167,0.0,0.0,59.511903571190416,102.95559317815942,2019
J.D. McKissic,DET,RB,26,16,3,0,0,0,0,0,38,205,5.39,0,42,34,233,6.85,1,0.0,0,1,0.0,0.0,50.0,83.8,26.800186566514792,0.0,0.0,0.0,0.0,0.0,39.16950344336777,211.3091633129051,5.555884830519798,0.0,43.292609068985435,35.04639781775011,240.17090269222874,7.060818383870243,1.0307764064044151,0.0,0.0,1.0307764064044151,0.0,0.0,51.53882032022076,86.37906285668998,2019
T.J. Hockenson,DET,TE,22,12,7,0,0,0,0,0,0,0,0.0,0,59,32,367,11.47,2,0.0,0,2,0.0,0.0,49.0,80.7,26.185237571323785,0.0,0.0,0.0,0.0,0.0,0.0,0.0,0.0,0.0,70.22404621400469,38.08761828556187,436.8173722125377,13.652030679231082,2.3804761428476167,0.0,0.0,2.3804761428476167,0.0,0.0,58.32166549976661,96.05221236390133,2019
Demaryius Thomas,NYJ,WR,32,11,10,0,0,0,0,0,0,0,0.0,0,58,36,433,12.03,1,0.0,0,1,0.0,0.0,49.0,85.3,39.781219872515905,0.0,0.0,0.0,0.0,0.0,0.0,0.0,0.0,0.0,72.10346101893508,44.753872356580395,538.2896313999809,14.955252345823947,1.243163121016122,0.0,0.0,1.243163121016122,0.0,0.0,60.91499292978998,106.04181422267521,2019
Olabisi Johnson,MIN,WR,22,16,6,0,0,0,0,0,1,6,6.0,0,45,31,294,9.48,3,0.0,0,3,0.0,0.0,48.0,79.0,22.677080940897135,0.0,0.0,0.0,0.0,0.0,1.0307764064044151,6.184658438426491,6.184658438426491,0.0,46.38493828819868,31.95406859853687,303.04826348289805,9.771760332713857,3.0923292192132457,0.0,0.0,3.0923292192132457,0.0,0.0,49.47726750741193,81.4313361059488,2019
Mike Boone,MIN,RB,24,16,2,0,0,0,0,0,49,273,5.57,3,4,3,17,5.67,0,0.0,0,3,0.0,0.0,47.0,50.0,24.738633753705965,0.0,0.0,0.0,0.0,0.0,50.508043913816344,281.40195894840537,5.741424583672592,3.0923292192132457,4.123105625617661,3.0923292192132457,17.523198908875056,5.844502224313034,0.0,0.0,0.0,3.0923292192132457,0.0,0.0,48.44649110100751,51.53882032022076,2019
Josh Gordon,2TM,WR,28,11,7,0,1,0,0,1,1,1,1.0,0,47,27,426,15.78,1,0.0,0,1,0.0,0.0,47.0,73.7,34.808567388451415,0.0,1.243163121016122,0.0,0.0,1.243163121016122,1.243163121016122,1.243163121016122,1.243163121016122,0.0,58.42866668775774,33.5654042674353,529.587489552868,19.617114049634406,1.243163121016122,0.0,0.0,1.243163121016122,0.0,0.0,58.42866668775774,91.6211220188882,2019
Hayden Hurst,BAL,TE,26,16,4,0,0,0,0,0,0,0,0.0,0,39,30,349,11.63,2,0.0,0,2,0.0,0.0,47.0,76.9,26.800186566514792,0.0,0.0,0.0,0.0,0.0,0.0,0.0,0.0,0.0,40.200279849772194,30.923292192132454,359.7409658351409,11.987929606483348,2.0615528128088303,0.0,0.0,2.0615528128088303,0.0,0.0,48.44649110100751,79.26670565249952,2019
Foster Moreau,OAK,TE,22,13,7,0,0,0,0,0,0,0,0.0,0,25,21,174,8.29,5,0.0,0,5,0.0,0.0,47.0,68.4,25.157962495462087,0.0,0.0,0.0,0.0,0.0,0.0,0.0,0.0,0.0,28.58859374484328,24.014418745668355,198.97661246410925,9.47997768579003,5.7177187489686565,0.0,0.0,5.7177187489686565,0.0,0.0,53.74655624030537,78.21839248589123,2019
Jalen Richard,OAK,RB,26,16,0,0,0,0,0,0,39,145,3.72,0,43,36,323,8.97,0,2.0,0,0,0.0,0.0,47.0,82.8,26.800186566514792,0.0,0.0,0.0,0.0,0.0,40.200279849772194,149.4625789286402,3.8344882318244244,0.0,44.32338547538985,37.107950630558946,332.9407792686261,9.246064365447605,0.0,2.0615528128088303,0.0,0.0,0.0,0.0,48.44649110100751,85.34828645028557,2019
Jordan Wilkins,IND,RB,25,14,1,0,0,0,0,0,51,307,6.02,2,11,7,43,6.14,0,0.0,0,2,0.0,0.0,47.0,54.0,27.548658250966987,0.0,0.0,0.0,0.0,0.0,56.19926283197265,338.2975233218746,6.63371690683285,2.203892660077359,12.121409630425475,7.713624310270757,47.38369219166322,6.765950466437492,0.0,0.0,0.0,2.203892660077359,0.0,0.0,51.79147751181794,59.5051018220887,2019
Vance McDonald,PIT,TE,29,14,14,0,0,0,0,0,1,2,2.0,0,55,38,273,7.18,3,1.0,0,3,0.0,0.0,46.0,83.5,31.956443571121707,0.0,0.0,0.0,0.0,0.0,1.1019463300386796,2.203892660077359,2.203892660077359,0.0,60.607048152127376,41.87396054146982,300.8313481005595,7.911974649677719,3.3058389901160385,1.1019463300386796,0.0,3.3058389901160385,0.0,0.0,50.68953118177926,92.01251855822974,2019
Albert Wilson,MIA,WR,27,13,4,1,2,20,0,0,5,45,9.0,0,62,43,351,8.16,1,0.0,0,1,0.0,0.0,46.0,89.4,30.875681244430744,1.1435437497937313,2.2870874995874626,22.870874995874626,0.0,0.0,5.7177187489686565,51.45946874071791,10.29189374814358,0.0,70.89971248721133,49.172381241130445,401.3838561775997,9.331316998316847,1.1435437497937313,0.0,0.0,1.1435437497937313,0.0,0.0,52.60301249051164,102.23281123155958,2019
Patrick Laird,MIA,RB,24,15,4,0,0,0,0,0,62,168,2.71,1,30,23,204,8.87,0,0.0,0,1,1.0,0.0,45.0,68.2,25.5499510762741,0.0,0.0,0.0,0.0,0.0,66.00404028037475,178.8496575339187,2.8850153090292836,1.0645812948447542,31.937438845342623,24.485369781429345,217.17458414832984,9.442836085272969,0.0,0.0,0.0,1.0645812948447542,1.0645812948447542,0.0,47.90615826801393,72.60444430841223,2019
Ricky Seals-Jones,CLE,TE,24,14,3,0,0,0,0,0,0,0,0.0,0,22,14,229,16.36,4,1.0,1,4,0.0,0.0,45.0,58.9,26.44671192092831,0.0,0.0,0.0,0.0,0.0,0.0,0.0,0.0,0.0,24.24281926085095,15.427248620541514,252.34570957885762,18.027841959432795,4.407785320154718,1.1019463300386796,1.1019463300386796,4.407785320154718,0.0,0.0,49.58758485174058,64.90463883927822,2019
Kaden Smith,NYG,TE,22,9,6,0,0,0,0,0,0,0,0.0,0,42,31,268,8.65,3,2.0,0,3,0.0,0.0,45.0,75.8,30.23610792119618,0.0,0.0,0.0,0.0,0.0,0.0,0.0,0.0,0.0,57.723478758647246,42.60542479804916,368.3307692218443,11.888287887197588,4.123105625617661,2.748737083745107,0.0,4.123105625617661,0.0,0.0,61.84658438426491,104.17713547393956,2019
Nick Boyle,BAL,TE,26,16,15,0,0,0,0,0,0,0,0.0,0,43,31,321,10.35,2,0.0,0,2,0.0,0.0,44.0,75.1,26.800186566514792,0.0,0.0,0.0,0.0,0.0,0.0,0.0,0.0,0.0,44.32338547538985,31.95406859853687,330.8792264558173,10.668535806285696,2.0615528128088303,0.0,0.0,2.0615528128088303,0.0,0.0,45.35416188179427,77.41130812097157,2019
David Moore,SEA,WR,24,14,1,0,0,0,0,0,3,25,8.33,0,34,17,301,17.71,2,2.0,1,2,0.0,0.0,43.0,59.6,26.44671192092831,0.0,0.0,0.0,0.0,0.0,3.3058389901160385,27.548658250966987,9.179212929222201,0.0,37.466175221315105,18.733087610657552,331.68584534164256,19.515469504985017,2.203892660077359,2.203892660077359,1.1019463300386796,2.203892660077359,0.0,0.0,47.38369219166322,65.6760012703053,2019
Irv Smith Jr.,MIN,TE,21,16,7,0,0,0,0,0,0,0,0.0,0,47,36,311,8.64,2,1.0,0,2,0.0,0.0,43.0,79.1,21.646304534492717,0.0,0.0,0.0,0.0,0.0,0.0,0.0,0.0,0.0,48.44649110100751,37.107950630558946,320.57146239177314,8.905908151334147,2.0615528128088303,1.0307764064044151,0.0,2.0615528128088303,0.0,0.0,44.32338547538985,81.53441374658924,2019
Brandon Bolden,NWE,RB,29,15,2,0,0,0,0,0,15,68,4.53,3,11,9,111,12.33,1,0.0,0,4,0.0,0.0,42.0,50.9,30.87285755049787,0.0,0.0,0.0,0.0,0.0,15.968719422671311,72.39152804944328,4.822553265646737,3.1937438845342623,11.710394243292296,9.581231653602787,118.1685237277677,13.126287365435818,1.0645812948447542,0.0,0.0,4.258325179379017,0.0,0.0,44.712414383479675,54.18718790759798,2019
Cody Latimer,NYG,WR,27,15,10,0,0,0,0,0,0,0,0.0,0,42,24,300,12.5,2,0.0,0,2,0.0,0.0,42.0,66.0,28.743694960808362,0.0,0.0,0.0,0.0,0.0,0.0,0.0,0.0,0.0,44.712414383479675,25.5499510762741,319.3743884534262,13.307266185559426,2.1291625896895083,0.0,0.0,2.1291625896895083,0.0,0.0,44.712414383479675,70.26236545975377,2019
Geronimo Allison,GNB,WR,25,16,6,0,0,0,0,0,1,7,7.0,0,55,34,287,8.44,2,2.0,1,2,1.0,0.0,41.0,75.4,25.76941016011038,0.0,0.0,0.0,0.0,0.0,1.0307764064044151,7.215434844830906,7.215434844830906,0.0,56.69270235224283,35.04639781775011,295.83282863806716,8.699752870053263,2.0615528128088303,2.0615528128088303,1.0307764064044151,2.0615528128088303,1.0307764064044151,0.0,42.26183266258102,77.7205410428929,2019
Josh Hill,NOR,TE,29,16,11,0,0,0,0,0,0,0,0.0,0,35,25,226,9.04,3,0.0,0,3,0.0,0.0,41.0,65.6,29.89251578572804,0.0,0.0,0.0,0.0,0.0,0.0,0.0,0.0,0.0,36.07717422415453,25.76941016011038,232.9554678473978,9.318218713895913,3.0923292192132457,0.0,0.0,3.0923292192132457,0.0,0.0,42.26183266258102,67.61893226012963,2019
Dion Lewis,TEN,RB,29,16,1,0,0,0,0,0,54,209,3.87,0,32,25,164,6.56,1,1.0,1,1,0.0,0.0,41.0,66.3,29.89251578572804,0.0,0.0,0.0,0.0,0.0,55.66192594583842,215.43226893852278,3.989104692785087,0.0,32.984845004941285,25.76941016011038,169.04733065032408,6.761893226012963,1.0307764064044151,1.0307764064044151,1.0307764064044151,1.0307764064044151,0.0,0.0,42.26183266258102,68.34047574461272,2019
Josh Reynolds,LAR,WR,24,16,2,0,0,0,0,0,5,23,4.6,0,43,21,326,15.52,1,0.0,0,1,0.0,0.0,41.0,61.9,24.738633753705965,0.0,0.0,0.0,0.0,0.0,5.153882032022076,23.707857347301548,4.741571469460309,0.0,44.32338547538985,21.646304534492717,336.03310848783934,15.997649827396522,1.0307764064044151,0.0,0.0,1.0307764064044151,0.0,0.0,42.26183266258102,63.8050595564333,2019
Damiere Byrd,ARI,WR,26,11,3,0,0,0,0,0,0,0,0.0,0,46,32,359,11.22,1,1.0,1,1,0.0,0.0,40.0,71.9,32.322241146419174,0.0,0.0,0.0,0.0,0.0,0.0,0.0,0.0,0.0,57.185503566741616,39.781219872515905,446.29556044478784,13.94829021780089,1.243163121016122,1.243163121016122,1.243163121016122,1.243163121016122,0.0,0.0,49.726524840644885,89.38342840105918,2019
Marcus Johnson,IND,WR,25,8,6,0,0,0,0,0,0,0,0.0,0,33,17,277,16.29,2,0.0,0,2,0.0,0.0,40.0,56.7,36.443449342783126,0.0,0.0,0.0,0.0,0.0,0.0,0.0,0.0,0.0,48.105353132473724,24.781545553092524,403.79341871803706,23.746551591757484,2.91547594742265,0.0,0.0,2.91547594742265,0.0,0.0,58.309518948453004,82.65374310943213,2019
Dare Ogunbowale,TAM,RB,25,16,0,0,0,0,0,0,11,17,1.55,2,46,35,286,8.17,0,2.0,1,2,0.0,0.0,40.0,75.3,25.76941016011038,0.0,0.0,0.0,0.0,0.0,11.338540470448567,17.523198908875056,1.5977034299268436,2.0615528128088303,47.415714694603096,36.07717422415453,294.80205223166274,8.421443240324072,0.0,2.0615528128088303,1.0307764064044151,2.0615528128088303,0.0,0.0,41.23105625617661,77.61746340225245,2019
Seth Roberts,BAL,WR,28,16,0,0,0,0,0,0,0,0,0.0,0,35,21,271,12.9,2,0.0,0,2,0.0,0.0,39.0,60.1,28.861739379323623,0.0,0.0,0.0,0.0,0.0,0.0,0.0,0.0,0.0,36.07717422415453,21.646304534492717,279.3404061355965,13.297015642616955,2.0615528128088303,0.0,0.0,2.0615528128088303,0.0,0.0,40.200279849772194,61.94966202490535,2019
Kalen Ballage,MIA,RB,24,12,6,0,0,0,0,0,74,135,1.82,3,24,14,63,4.5,0,0.0,0,3,0.0,0.0,38.0,51.8,28.5657137141714,0.0,0.0,0.0,0.0,0.0,88.07761728536182,160.68213964221414,2.1662332899913315,3.570714214271425,28.5657137141714,16.663332999933317,74.98499849969993,5.356071321407137,0.0,0.0,0.0,3.570714214271425,0.0,0.0,45.22904671410472,61.65433209975327,2019
Giovani Bernard,CIN,RB,28,16,2,0,0,0,0,0,53,170,3.21,0,43,30,234,7.8,0,2.0,1,0,0.0,0.0,38.0,68.4,28.861739379323623,0.0,0.0,0.0,0.0,0.0,54.631149539434006,175.23198908875057,3.3087922645581727,0.0,44.32338547538985,30.923292192132454,241.20167909863315,8.040055969954437,0.0,2.0615528128088303,1.0307764064044151,0.0,0.0,0.0,39.16950344336777,70.50510619806201,2019
Miles Boykin,BAL,WR,23,16,11,0,0,0,0,0,0,0,0.0,0,22,13,198,15.23,3,0.0,0,3,0.0,0.0,38.0,50.8,23.707857347301548,0.0,0.0,0.0,0.0,0.0,0.0,0.0,0.0,0.0,22.677080940897135,13.400093283257396,204.0937284680742,15.698724669539244,3.0923292192132457,0.0,0.0,3.0923292192132457,0.0,0.0,39.16950344336777,52.363441445344286,2019
Ryquell Armstead,JAX,RB,23,16,1,0,0,0,0,0,35,108,3.09,0,24,14,144,10.29,2,0.0,0,2,0.0,0.0,37.0,51.2,23.707857347301548,0.0,0.0,0.0,0.0,0.0,36.07717422415453,111.32385189167684,3.1850990957896426,0.0,24.738633753705965,14.430869689661812,148.43180252223578,10.606689221901432,2.0615528128088303,0.0,0.0,2.0615528128088303,0.0,0.0,38.13872703696336,52.77575200790606,2019
Kelvin Harmon,WAS,WR,23,16,8,1,1,11,0,0,0,0,0.0,0,44,30,365,12.17,0,0.0,0,0,0.0,0.0,37.0,66.9,23.707857347301548,1.0307764064044151,1.0307764064044151,11.338540470448567,0.0,0.0,0.0,0.0,0.0,0.0,45.35416188179427,30.923292192132454,376.23338833761153,12.544548865941733,0.0,0.0,0.0,0.0,0.0,0.0,38.13872703696336,68.95894158845537,2019
Paul Richardson,WAS,WR,27,10,6,0,0,0,0,0,1,0,0.0,0,42,28,245,8.75,2,0.0,0,2,0.0,0.0,37.0,64.5,35.2036929880943,0.0,0.0,0.0,0.0,0.0,1.3038404810405297,0.0,0.0,0.0,54.76130020370225,36.507533469134835,319.4409178549298,11.408604209104636,2.6076809620810595,0.0,0.0,2.6076809620810595,0.0,0.0,48.2420977984996,84.09771102711417,2019
DaeSean Hamilton,DEN,WR,24,16,2,0,0,0,0,0,0,0,0.0,0,52,28,297,10.61,1,0.0,0,1,0.0,0.0,36.0,63.7,24.738633753705965,0.0,0.0,0.0,0.0,0.0,0.0,0.0,0.0,0.0,53.600373133029585,28.861739379323623,306.1405927021113,10.936537671950845,1.0307764064044151,0.0,0.0,1.0307764064044151,0.0,0.0,37.107950630558946,65.66045708796125,2019
Ty Johnson,DET,RB,22,16,1,0,0,0,0,0,63,273,4.33,0,31,24,109,4.54,0,1.0,1,0,0.0,0.0,36.0,60.2,22.677080940897135,0.0,0.0,0.0,0.0,0.0,64.93891360347816,281.40195894840537,4.463261839731118,0.0,31.95406859853687,24.738633753705965,112.35462829808125,4.679724885076045,0.0,1.0307764064044151,1.0307764064044151,0.0,0.0,0.0,37.107950630558946,62.05273966554579,2019
Isaiah McKenzie,BUF,WR,24,15,8,0,0,0,0,0,8,49,6.13,0,39,27,254,9.41,1,0.0,0,1,0.0,0.0,36.0,63.3,25.5499510762741,0.0,0.0,0.0,0.0,0.0,8.516650358758033,52.16448344739295,6.5258833373983425,0.0,41.51867049894541,28.743694960808362,270.4036488905675,10.017709984489136,1.0645812948447542,0.0,0.0,1.0645812948447542,0.0,0.0,38.32492661441115,67.38799596367294,2019
Jakobi Meyers,NWE,WR,23,15,1,0,0,0,0,0,0,0,0.0,0,41,26,359,13.81,0,0.0,0,0,0.0,0.0,36.0,61.9,24.485369781429345,0.0,0.0,0.0,0.0,0.0,0.0,0.0,0.0,0.0,43.64783308863492,27.679113665963605,382.1846848492667,14.701867681806055,0.0,0.0,0.0,0.0,0.0,0.0,38.32492661441115,65.89758215089027,2019
C.J. Uzomah,CIN,TE,26,16,16,0,0,0,0,0,0,0,0.0,0,40,27,242,8.96,2,0.0,0,2,0.0,0.0,36.0,63.2,26.800186566514792,0.0,0.0,0.0,0.0,0.0,0.0,0.0,0.0,0.0,41.23105625617661,27.83096297291921,249.44789034986846,9.23575660138356,2.0615528128088303,0.0,0.0,2.0615528128088303,0.0,0.0,37.107950630558946,65.14506888475904,2019
Delanie Walker,TEN,TE,35,7,4,0,0,0,0,0,0,0,0.0,0,31,21,215,10.24,2,1.0,0,2,0.0,0.0,34.0,54.5,54.543560573178574,0.0,0.0,0.0,0.0,0.0,0.0,0.0,0.0,0.0,48.31001079338674,32.72613634390714,335.0533006638113,15.957887436267104,3.1167748898959187,1.5583874449479593,0.0,3.1167748898959187,0.0,0.0,52.98517312823062,84.93211574966378,2019
Greg Ward,PHI,WR,24,7,3,0,0,0,0,0,1,5,5.0,0,40,28,254,9.07,1,0.0,0,1,0.0,0.0,32.0,59.9,37.401298678751026,0.0,0.0,0.0,0.0,0.0,1.5583874449479593,7.791937224739796,7.791937224739796,0.0,62.33549779791837,43.63484845854286,395.8304110167817,14.134574125677991,1.5583874449479593,0.0,0.0,1.5583874449479593,0.0,0.0,49.8683982383347,93.34740795238277,2019
Pharoh Cooper,2TM,WR,24,13,1,0,0,0,0,0,1,2,2.0,0,33,25,243,9.72,1,0.0,0,1,0.0,0.0,31.0,55.5,27.44504999504955,0.0,0.0,0.0,0.0,0.0,1.1435437497937313,2.2870874995874626,2.2870874995874626,0.0,37.73694374319313,28.58859374484328,277.8811311998767,11.115245247995068,1.1435437497937313,0.0,0.0,1.1435437497937313,0.0,0.0,35.449856243605666,63.466678113552085,2019
Keke Coutee,HOU,WR,22,9,4,0,0,0,0,0,2,14,7.0,1,36,22,254,11.55,0,1.0,1,1,0.0,0.0,31.0,52.8,30.23610792119618,0.0,0.0,0.0,0.0,0.0,2.748737083745107,19.24115958621575,9.620579793107876,1.3743685418725535,49.47726750741193,30.23610792119618,349.0896096356286,15.873956658627995,0.0,1.3743685418725535,1.3743685418725535,1.3743685418725535,0.0,0.0,42.60542479804916,72.56665901087082,2019
Kyle Juszczyk,SFO,RB,28,12,12,0,0,0,0,0,3,7,2.33,0,24,20,239,11.95,1,0.0,0,1,0.0,0.0,31.0,50.6,33.326665999866634,0.0,0.0,0.0,0.0,0.0,3.570714214271425,8.331666499966659,2.7732547064174735,0.0,28.5657137141714,23.804761428476166,284.4668990702902,14.22334495351451,1.1902380714238083,0.0,0.0,1.1902380714238083,0.0,0.0,36.89738021413806,60.2260464140447,2019
Jeremy Sprinkle,WAS,TE,25,16,13,0,0,0,0,0,0,0,0.0,0,40,26,241,9.27,1,1.0,0,1,0.0,0.0,30.0,56.1,25.76941016011038,0.0,0.0,0.0,0.0,0.0,0.0,0.0,0.0,0.0,41.23105625617661,26.800186566514792,248.41711394346405,9.555297287368928,1.0307764064044151,1.0307764064044151,0.0,1.0307764064044151,0.0,0.0,30.923292192132454,57.82655639928769,2019
Jarius Wright,CAR,WR,30,16,9,0,0,0,0,0,1,-7,-7.0,0,58,28,296,10.57,0,0.0,0,0,0.0,0.0,29.0,56.9,30.923292192132454,0.0,0.0,0.0,0.0,0.0,1.0307764064044151,-7.215434844830906,-7.215434844830906,0.0,59.78503157145608,28.861739379323623,305.1098162957069,10.895306615694668,0.0,0.0,0.0,0.0,0.0,0.0,29.89251578572804,58.651177524411224,2019
Trey Quinn,WAS,WR,24,12,6,0,0,0,0,0,0,0,0.0,0,47,26,198,7.62,1,1.0,1,1,1.0,0.0,26.0,51.8,28.5657137141714,0.0,0.0,0.0,0.0,0.0,0.0,0.0,0.0,0.0,55.94118935691899,30.946189857019018,235.66713814191405,9.06961410424942,1.1902380714238083,1.1902380714238083,1.1902380714238083,1.1902380714238083,1.1902380714238083,0.0,30.946189857019018,61.65433209975327,2019
